842.61,2017-02-28,15:15,847206
842.68,2017-02-28,15:16,850179
842.66,2017-02-28,15:17,854102
842.5402,2017-02-28,15:18,855473
842.68,2017-02-28,15:40,910729
842.71,2017-02-28,15:40,912905
844.01,2017-02-28,15:46,931484
844.03,2017-02-28,15:48,939959
844.05,2017-02-28,15:48,942501
844.09,2017-02-28,15:49,956657
844.83,2017-02-28,15:50,969242
844.65,2017-02-28,15:51,979570
844.69,2017-02-28,15:52,989175
844.675,2017-02-28,15:54,996231
844.46,2017-02-28,15:54,1003562
844.935,2017-02-28,15:55,1018652
845.06,2017-02-28,15:56,1029887
844.84,2017-02-28,15:58,1042941
844.7,2017-02-28,15:58,1057177
844.93,2017-02-28,15:59,1105498
844.93,2017-02-28,16:00,1354758
844.93,2017-02-28,16:00,1354777
851.22,2017-03-01,09:31,50984
851.4716,2017-03-01,09:31,58402
850.4978,2017-03-01,09:32,65498
850.4067,2017-03-01,09:33,72222
849.29,2017-03-01,09:34,76032
850.235,2017-03-01,09:35,90212
851.5,2017-03-01,09:36,99809
851.0701,2017-03-01,09:37,107584
851.6028,2017-03-01,09:38,116497
851.93,2017-03-01,09:39,124161
850.2,2017-03-01,09:40,134694
850.32,2017-03-01,09:41,141911
850.4093,2017-03-01,09:42,144602
850.565,2017-03-01,09:43,150205
850.55,2017-03-01,09:44,154190
850.52,2017-03-01,09:45,161605
850.3,2017-03-01,09:46,163672
850.26,2017-03-01,09:47,165738
850.613,2017-03-01,09:48,170469
851.14,2017-03-01,09:49,178027
851.45,2017-03-01,09:50,185351
851.41,2017-03-01,09:51,196871
851.2625,2017-03-01,09:52,200441
851.67,2017-03-01,09:53,209255
852.07,2017-03-01,09:54,224507
852.58,2017-03-01,09:55,244908
853.094,2017-03-01,09:56,255698
853.665,2017-03-01,09:57,269308
853.27,2017-03-01,09:59,277706
853.63,2017-03-01,10:00,287447
853.685,2017-03-01,10:00,296249
854.25,2017-03-01,10:01,315288
854.8,2017-03-01,10:02,327427
854.934,2017-03-01,10:03,338374
854.55,2017-03-01,10:05,347173
854.975,2017-03-01,10:06,353686
854.91,2017-03-01,10:06,375776
854.9,2017-03-01,10:07,382078
854.55,2017-03-01,10:08,388950
854.385,2017-03-01,10:09,392246
853.51,2017-03-01,10:10,397783
853.06,2017-03-01,10:12,410517
853.28,2017-03-01,10:12,417647
853.27,2017-03-01,10:14,421929
853.81,2017-03-01,10:14,425787
853.465,2017-03-01,10:15,426621
853.154,2017-03-01,10:16,428951
853.38,2017-03-01,10:17,431060
853.8,2017-03-01,10:18,438026
853.8933,2017-03-01,10:19,440511
854.5845,2017-03-01,10:20,448893
854.52,2017-03-01,10:21,452716
854.49,2017-03-01,10:22,455388
854.57,2017-03-01,10:23,456578
854.56,2017-03-01,10:24,465912
854.56,2017-03-01,10:26,471276
854.33,2017-03-01,10:26,475442
854.12,2017-03-01,10:27,479175
854.37,2017-03-01,10:28,483817
854.4738,2017-03-01,10:29,486982
854.22,2017-03-01,10:31,497540
854.52,2017-03-01,10:31,500217
854.6,2017-03-01,10:32,502932
854.62,2017-03-01,10:33,505573
854.71,2017-03-01,10:35,510639
854.4,2017-03-01,10:35,513683
854.25,2017-03-01,10:36,514127
854.37,2017-03-01,10:37,517925
854.54,2017-03-01,10:39,524038
854.31,2017-03-01,10:39,532245
854.0,2017-03-01,10:40,537883
853.85,2017-03-01,10:41,542882
853.92,2017-03-01,10:42,546611
853.68,2017-03-01,10:43,548931
853.09,2017-03-01,10:44,551635
853.01,2017-03-01,10:45,557179
853.2,2017-03-01,10:46,563711
853.545,2017-03-01,10:47,565105
853.575,2017-03-01,10:48,568190
853.03,2017-03-01,10:49,572414
852.49,2017-03-01,10:50,579173
852.362,2017-03-01,10:52,584701
851.67,2017-03-01,10:52,591210
852.07,2017-03-01,10:53,594802
852.53,2017-03-01,10:54,597807
852.26,2017-03-01,10:55,600674
851.94,2017-03-01,10:56,603475
852.2373,2017-03-01,10:58,605097
852.26,2017-03-01,10:58,608794
852.385,2017-03-01,10:59,611046
852.2,2017-03-01,11:01,611985
852.26,2017-03-01,11:01,612541
851.835,2017-03-01,11:02,616960
851.36,2017-03-01,11:03,623842
851.72,2017-03-01,11:04,629489
852.0585,2017-03-01,11:05,635605
851.51,2017-03-01,11:06,638246
851.76,2017-03-01,11:07,644420
852.45,2017-03-01,11:08,651961
852.97,2017-03-01,11:09,657431
852.67,2017-03-01,11:10,658989
853.24,2017-03-01,11:11,665395
852.7634,2017-03-01,11:12,667906
852.59,2017-03-01,11:13,668736
852.4,2017-03-01,11:14,670753
852.905,2017-03-01,11:15,673953
853.06,2017-03-01,11:16,676602
852.48,2017-03-01,11:17,680631
853.0,2017-03-01,11:19,685710
852.965,2017-03-01,11:19,688421
852.87,2017-03-01,11:20,689062
852.99,2017-03-01,11:21,689540
853.21,2017-03-01,11:22,693001
853.61,2017-03-01,11:23,695501
853.57,2017-03-01,11:24,699108
853.82,2017-03-01,11:25,700546
853.9468,2017-03-01,11:26,707900
853.92,2017-03-01,11:27,709506
854.35,2017-03-01,11:28,712077
854.11,2017-03-01,11:29,716576
854.33,2017-03-01,11:30,718100
854.26,2017-03-01,11:31,721844
854.67,2017-03-01,11:32,724032
854.245,2017-03-01,11:33,730569
854.305,2017-03-01,11:34,732128
854.336,2017-03-01,11:35,732443
854.19,2017-03-01,11:36,735495
854.39,2017-03-01,11:37,736811
854.19,2017-03-01,11:38,738413
854.4,2017-03-01,11:39,739329
854.1883,2017-03-01,11:40,742224
854.5,2017-03-01,11:41,745456
854.72,2017-03-01,11:42,746743
854.423,2017-03-01,11:43,749115
854.59,2017-03-01,11:44,750200
854.76,2017-03-01,11:46,754628
854.62,2017-03-01,11:46,755610
854.705,2017-03-01,11:47,757684
854.6519,2017-03-01,11:48,759771
854.95,2017-03-01,11:49,762034
854.96,2017-03-01,11:50,768780
855.05,2017-03-01,11:51,780007
855.095,2017-03-01,11:52,783847
855.3,2017-03-01,11:53,787213
855.2,2017-03-01,11:54,789650
855.25,2017-03-01,11:55,794781
855.3981,2017-03-01,11:56,798162
855.18,2017-03-01,11:57,803959
855.0,2017-03-01,11:59,807571
854.62,2017-03-01,11:59,810725
854.7833,2017-03-01,12:00,813187
855.36,2017-03-01,12:01,816655
855.7,2017-03-01,12:02,823356
855.55,2017-03-01,12:03,827864
856.44,2017-03-01,12:04,837227
856.3947,2017-03-01,12:05,842244
856.2,2017-03-01,12:06,843699
856.05,2017-03-01,12:07,845316
856.465,2017-03-01,12:08,848527
856.48,2017-03-01,12:10,852641
856.56,2017-03-01,12:10,856591
856.67,2017-03-01,12:11,858267
856.72,2017-03-01,12:12,862333
856.63,2017-03-01,12:14,863314
856.85,2017-03-01,12:15,865819
856.89,2017-03-01,12:16,868018
856.422,2017-03-01,12:16,870392
856.38,2017-03-01,12:17,872233
856.58,2017-03-01,12:19,876022
856.85,2017-03-01,12:19,877508
856.69,2017-03-01,12:20,881417
856.89,2017-03-01,12:21,883768
856.725,2017-03-01,12:22,885433
856.88,2017-03-01,12:23,888156
857.0,2017-03-01,12:24,894654
857.1169,2017-03-01,12:25,899139
857.11,2017-03-01,12:26,901426
856.985,2017-03-01,12:27,903050
856.36,2017-03-01,12:28,905774
856.55,2017-03-01,12:30,907848
856.67,2017-03-01,12:31,909688
856.63,2017-03-01,12:31,911910
856.8,2017-03-01,12:32,914022
856.755,2017-03-01,12:34,915726
857.0,2017-03-01,12:34,920321
857.04,2017-03-01,12:35,923032
856.81,2017-03-01,12:36,925164
856.8409,2017-03-01,12:37,926167
856.99,2017-03-01,12:38,927297
856.83,2017-03-01,12:39,928074
856.48,2017-03-01,12:40,929327
856.44,2017-03-01,12:41,929880
855.65,2017-03-01,12:42,938802
855.6,2017-03-01,12:43,941539
855.5375,2017-03-01,12:44,945828
855.34,2017-03-01,12:45,948415
855.38,2017-03-01,12:46,951169
855.64,2017-03-01,12:47,955005
855.52,2017-03-01,12:48,957117
855.94,2017-03-01,12:49,958613
855.64,2017-03-01,12:50,959412
855.87,2017-03-01,12:51,959934
855.58,2017-03-01,12:52,962131
855.42,2017-03-01,12:53,966973
855.73,2017-03-01,12:54,967224
855.46,2017-03-01,12:55,969407
855.5796,2017-03-01,12:56,971161
855.555,2017-03-01,12:58,972670
855.5,2017-03-01,12:58,975557
855.4,2017-03-01,12:59,981891
855.7,2017-03-01,13:00,982576
855.71,2017-03-01,13:01,985921
855.77,2017-03-01,13:02,986298
855.95,2017-03-01,13:03,988147
855.94,2017-03-01,13:04,988390
855.86,2017-03-01,13:05,989739
855.86,2017-03-01,13:06,991698
855.915,2017-03-01,13:07,992920
855.37,2017-03-01,13:08,995618
855.39,2017-03-01,13:09,996302
855.23,2017-03-01,13:10,996894
855.33,2017-03-01,13:11,1000037
855.37,2017-03-01,13:12,1001867
855.895,2017-03-01,13:14,1004433
855.805,2017-03-01,13:14,1004809
855.33,2017-03-01,13:15,1014210
855.33,2017-03-01,13:15,1014408
855.27,2017-03-01,13:17,1016017
854.98,2017-03-01,13:18,1017763
854.94,2017-03-01,13:19,1018342
855.13,2017-03-01,13:20,1020441
855.05,2017-03-01,13:21,1021683
855.22,2017-03-01,13:22,1024136
855.22,2017-03-01,13:24,1024963
855.18,2017-03-01,13:24,1025780
855.28,2017-03-01,13:25,1027429
854.69,2017-03-01,13:27,1029839
854.65,2017-03-01,13:28,1031377
854.57,2017-03-01,13:28,1037068
854.52,2017-03-01,13:29,1039533
854.804,2017-03-01,13:30,1040081
855.14,2017-03-01,13:31,1042174
855.26,2017-03-01,13:32,1043651
855.26,2017-03-01,13:33,1045222
855.34,2017-03-01,13:34,1045933
855.321,2017-03-01,13:35,1046759
855.02,2017-03-01,13:36,1047159
855.58,2017-03-01,13:38,1051751
855.58,2017-03-01,13:38,1052143
855.31,2017-03-01,13:39,1052992
855.17,2017-03-01,13:40,1053169
855.54,2017-03-01,13:41,1053908
855.54,2017-03-01,13:41,1054060
855.52,2017-03-01,13:43,1056929
855.52,2017-03-01,13:43,1057073
855.58,2017-03-01,13:45,1059799
855.5554,2017-03-01,13:46,1061812
855.7355,2017-03-01,13:47,1064560
855.92,2017-03-01,13:48,1065407
855.57,2017-03-01,13:49,1067367
855.3,2017-03-01,13:50,1070829
856.0,2017-03-01,13:51,1074104
855.8033,2017-03-01,13:52,1084844
855.35,2017-03-01,13:53,1087474
855.54,2017-03-01,13:54,1089381
855.74,2017-03-01,13:56,1090995
855.73,2017-03-01,13:56,1091528
855.81,2017-03-01,13:57,1092736
855.8,2017-03-01,13:58,1096588
856.0,2017-03-01,13:59,1098500
856.13,2017-03-01,14:00,1099567
856.05,2017-03-01,14:02,1100315
856.02,2017-03-01,14:03,1103479
855.82,2017-03-01,14:03,1105304
855.57,2017-03-01,14:04,1107540
855.66,2017-03-01,14:05,1111919
855.965,2017-03-01,14:06,1113669
855.71,2017-03-01,14:07,1114214
855.99,2017-03-01,14:08,1115408
855.87,2017-03-01,14:09,1118567
855.66,2017-03-01,14:10,1119723
855.66,2017-03-01,14:10,1120022
855.9433,2017-03-01,14:12,1120501
856.32,2017-03-01,14:13,1129579
856.25,2017-03-01,14:14,1137479
856.7,2017-03-01,14:16,1139717
856.7997,2017-03-01,14:16,1142409
857.6,2017-03-01,14:17,1150840
857.31,2017-03-01,14:18,1156987
857.3702,2017-03-01,14:19,1157833
857.25,2017-03-01,14:20,1167050
857.0601,2017-03-01,14:21,1170843
857.095,2017-03-01,14:22,1171698
857.42,2017-03-01,14:23,1176585
857.61,2017-03-01,14:24,1180866
857.43,2017-03-01,14:26,1183341
857.545,2017-03-01,14:26,1185266
857.69,2017-03-01,14:27,1189214
857.64,2017-03-01,14:28,1191105
857.985,2017-03-01,14:29,1195560
857.73,2017-03-01,14:30,1200798
857.8064,2017-03-01,14:31,1208918
857.88,2017-03-01,14:32,1210166
857.2,2017-03-01,14:33,1213725
857.28,2017-03-01,14:34,1218118
857.39,2017-03-01,14:35,1219758
857.0,2017-03-01,14:36,1220767
857.61,2017-03-01,14:37,1223592
857.0,2017-03-01,14:38,1224429
857.24,2017-03-01,14:39,1225090
856.8,2017-03-01,14:41,1231862
856.97,2017-03-01,14:41,1238188
857.24,2017-03-01,14:42,1245717
857.25,2017-03-01,14:43,1248195
857.23,2017-03-01,14:44,1249902
857.1575,2017-03-01,14:45,1250323
857.14,2017-03-01,14:46,1251360
857.01,2017-03-01,14:47,1252443
856.825,2017-03-01,14:48,1257062
857.22,2017-03-01,14:49,1260847
857.25,2017-03-01,14:50,1264045
857.24,2017-03-01,14:51,1265336
856.84,2017-03-01,14:52,1271495
856.7907,2017-03-01,14:53,1279773
856.6132,2017-03-01,14:54,1282371
856.984,2017-03-01,14:55,1284234
856.7,2017-03-01,14:56,1289887
856.4,2017-03-01,14:57,1298461
856.4,2017-03-01,14:57,1298533
856.63,2017-03-01,14:59,1300342
856.64,2017-03-01,15:00,1301923
856.3465,2017-03-01,15:01,1307314
856.35,2017-03-01,15:02,1308639
856.454,2017-03-01,15:03,1313664
856.45,2017-03-01,15:04,1314824
856.74,2017-03-01,15:05,1318107
856.877,2017-03-01,15:06,1320578
856.98,2017-03-01,15:07,1322340
856.9,2017-03-01,15:08,1326980
856.77,2017-03-01,15:09,1330868
856.75,2017-03-01,15:10,1333579
856.94,2017-03-01,15:11,1335686
857.02,2017-03-01,15:12,1337489
857.37,2017-03-01,15:13,1341005
856.89,2017-03-01,15:14,1345378
856.85,2017-03-01,15:15,1347067
856.46,2017-03-01,15:16,1348875
856.548,2017-03-01,15:17,1352276
856.48,2017-03-01,15:18,1355191
856.94,2017-03-01,15:19,1358644
857.12,2017-03-01,15:21,1361343
857.0,2017-03-01,15:21,1363868
856.93,2017-03-01,15:22,1364891
856.8,2017-03-01,15:23,1367653
856.98,2017-03-01,15:24,1370998
856.75,2017-03-01,15:25,1372400
857.13,2017-03-01,15:26,1375251
857.0363,2017-03-01,15:27,1376923
856.6,2017-03-01,15:28,1378372
856.81,2017-03-01,15:29,1381291
856.95,2017-03-01,15:30,1384650
857.07,2017-03-01,15:31,1386767
856.9,2017-03-01,15:32,1391146
856.71,2017-03-01,15:33,1395827
856.7,2017-03-01,15:35,1399317
856.75,2017-03-01,15:35,1402240
857.005,2017-03-01,15:36,1406409
856.9201,2017-03-01,15:37,1408184
856.805,2017-03-01,15:38,1411990
856.75,2017-03-01,15:39,1418694
856.94,2017-03-01,15:40,1422699
856.64,2017-03-01,15:41,1425664
856.65,2017-03-01,15:43,1428783
857.285,2017-03-01,15:43,1433399
857.41,2017-03-01,15:44,1438557
857.0,2017-03-01,15:45,1445120
857.0,2017-03-01,15:46,1449436
857.03,2017-03-01,15:47,1455982
857.14,2017-03-01,15:48,1460026
857.24,2017-03-01,15:49,1465807
857.43,2017-03-01,15:50,1474250
857.3,2017-03-01,15:51,1482127
857.47,2017-03-01,15:52,1487486
857.51,2017-03-01,15:53,1498902
857.44,2017-03-01,15:54,1505694
857.26,2017-03-01,15:55,1521968
857.29,2017-03-01,15:56,1535867
857.42,2017-03-01,15:57,1552784
857.45,2017-03-01,15:59,1587363
856.51,2017-03-01,15:59,1652351
855.64,2017-03-02,09:31,32234
854.8092,2017-03-02,09:32,35035
854.34,2017-03-02,09:34,46019
852.63,2017-03-02,09:34,58954
851.66,2017-03-02,09:35,71851
853.0855,2017-03-02,09:36,78304
853.31,2017-03-02,09:37,82614
853.56,2017-03-02,09:38,88163
853.75,2017-03-02,09:40,98630
853.9175,2017-03-02,09:40,102030
854.48,2017-03-02,09:41,104949
854.27,2017-03-02,09:42,109177
853.61,2017-03-02,09:43,112509
853.0,2017-03-02,09:44,116658
852.78,2017-03-02,09:45,121492
853.02,2017-03-02,09:46,125792
853.01,2017-03-02,09:47,129399
854.45,2017-03-02,09:48,134975
854.35,2017-03-02,09:49,137043
853.1,2017-03-02,09:50,140066
853.04,2017-03-02,09:52,143257
853.37,2017-03-02,09:52,145810
853.34,2017-03-02,09:53,148354
852.97,2017-03-02,09:54,150688
853.64,2017-03-02,09:55,151807
853.53,2017-03-02,09:56,152465
853.84,2017-03-02,09:57,157549
854.2304,2017-03-02,09:58,160005
854.67,2017-03-02,09:59,165275
853.8575,2017-03-02,10:01,169969
853.54,2017-03-02,10:01,173553
853.05,2017-03-02,10:02,175152
852.972,2017-03-02,10:03,179806
853.44,2017-03-02,10:04,182995
853.29,2017-03-02,10:05,185701
853.52,2017-03-02,10:06,189168
853.66,2017-03-02,10:07,191592
853.38,2017-03-02,10:08,194416
852.88,2017-03-02,10:09,198139
852.505,2017-03-02,10:11,203338
852.59,2017-03-02,10:11,207559
852.62,2017-03-02,10:12,209383
852.57,2017-03-02,10:13,217629
852.93,2017-03-02,10:14,219582
853.05,2017-03-02,10:15,228554
852.89,2017-03-02,10:16,232366
852.93,2017-03-02,10:17,233717
852.63,2017-03-02,10:18,234731
852.91,2017-03-02,10:19,238505
852.22,2017-03-02,10:20,242504
852.12,2017-03-02,10:21,243786
852.03,2017-03-02,10:22,250490
851.98,2017-03-02,10:23,253416
851.8,2017-03-02,10:24,256498
851.77,2017-03-02,10:25,258928
852.36,2017-03-02,10:26,263938
852.835,2017-03-02,10:27,266461
853.13,2017-03-02,10:28,268064
853.25,2017-03-02,10:29,270578
853.095,2017-03-02,10:30,272286
853.29,2017-03-02,10:31,272968
852.55,2017-03-02,10:32,274552
852.67,2017-03-02,10:33,276420
853.044,2017-03-02,10:34,278960
852.97,2017-03-02,10:35,280898
853.1,2017-03-02,10:36,281547
852.57,2017-03-02,10:37,282847
853.09,2017-03-02,10:38,283278
853.05,2017-03-02,10:39,284060
852.62,2017-03-02,10:40,285471
852.69,2017-03-02,10:41,286077
852.49,2017-03-02,10:42,288279
852.64,2017-03-02,10:44,294124
852.16,2017-03-02,10:44,295892
852.155,2017-03-02,10:45,297959
851.77,2017-03-02,10:46,308595
851.51,2017-03-02,10:47,318320
851.4266,2017-03-02,10:48,319924
851.6,2017-03-02,10:49,323155
851.89,2017-03-02,10:50,325939
851.57,2017-03-02,10:51,328088
851.69,2017-03-02,10:52,330056
851.455,2017-03-02,10:53,334170
851.31,2017-03-02,10:54,337035
851.52,2017-03-02,10:55,340968
851.49,2017-03-02,10:56,341964
851.59,2017-03-02,10:57,346325
851.51,2017-03-02,10:58,346892
851.795,2017-03-02,10:59,349115
851.18,2017-03-02,11:00,354273
851.61,2017-03-02,11:01,357747
851.36,2017-03-02,11:02,361209
850.8711,2017-03-02,11:04,367649
850.56,2017-03-02,11:04,371747
850.87,2017-03-02,11:05,376342
850.61,2017-03-02,11:06,378491
850.58,2017-03-02,11:07,381121
850.31,2017-03-02,11:08,389183
850.1707,2017-03-02,11:10,397922
850.2275,2017-03-02,11:10,400661
850.46,2017-03-02,11:11,404187
850.1901,2017-03-02,11:12,409655
850.77,2017-03-02,11:13,413273
850.76,2017-03-02,11:14,414588
850.86,2017-03-02,11:15,416514
850.83,2017-03-02,11:16,417435
850.68,2017-03-02,11:17,419118
850.61,2017-03-02,11:19,419513
850.74,2017-03-02,11:19,420038
850.84,2017-03-02,11:20,423310
851.08,2017-03-02,11:21,426452
851.08,2017-03-02,11:21,426877
851.06,2017-03-02,11:23,429206
851.14,2017-03-02,11:24,431641
851.24,2017-03-02,11:25,434891
851.62,2017-03-02,11:26,440722
851.77,2017-03-02,11:27,442475
851.95,2017-03-02,11:28,448256
851.791,2017-03-02,11:29,450767
851.8777,2017-03-02,11:30,452682
851.76,2017-03-02,11:31,453762
851.39,2017-03-02,11:32,455550
850.79,2017-03-02,11:33,462311
850.78,2017-03-02,11:34,465388
851.08,2017-03-02,11:35,467700
850.725,2017-03-02,11:36,469162
850.6316,2017-03-02,11:37,470848
850.661,2017-03-02,11:38,472275
850.795,2017-03-02,11:39,474666
851.21,2017-03-02,11:41,478339
851.27,2017-03-02,11:41,479938
851.2392,2017-03-02,11:42,481368
851.16,2017-03-02,11:43,488284
851.8246,2017-03-02,11:44,491002
851.625,2017-03-02,11:45,491717
851.84,2017-03-02,11:46,493967
851.695,2017-03-02,11:47,495209
851.8,2017-03-02,11:49,497471
851.72,2017-03-02,11:49,499242
851.55,2017-03-02,11:50,500082
851.41,2017-03-02,11:51,500954
851.34,2017-03-02,11:52,503154
851.45,2017-03-02,11:53,503445
851.53,2017-03-02,11:54,505286
851.4667,2017-03-02,11:55,505997
851.41,2017-03-02,11:56,507671
851.655,2017-03-02,11:57,508506
851.68,2017-03-02,11:58,509258
851.723,2017-03-02,11:59,511172
851.88,2017-03-02,12:00,513897
851.74,2017-03-02,12:01,515199
851.68,2017-03-02,12:02,517565
851.825,2017-03-02,12:03,521270
851.838,2017-03-02,12:05,524535
851.93,2017-03-02,12:05,525400
851.93,2017-03-02,12:05,525545
851.86,2017-03-02,12:07,526336
851.81,2017-03-02,12:09,527030
851.8,2017-03-02,12:09,528052
851.55,2017-03-02,12:10,529425
851.48,2017-03-02,12:12,530101
851.38,2017-03-02,12:12,530415
851.24,2017-03-02,12:13,531410
851.16,2017-03-02,12:14,532004
851.43,2017-03-02,12:15,534717
851.35,2017-03-02,12:16,535800
850.65,2017-03-02,12:18,544757
850.91,2017-03-02,12:18,545727
850.74,2017-03-02,12:19,546328
850.89,2017-03-02,12:20,546872
850.5,2017-03-02,12:21,548681
850.61,2017-03-02,12:22,550634
850.4,2017-03-02,12:23,553266
850.27,2017-03-02,12:24,554726
850.19,2017-03-02,12:25,555401
850.33,2017-03-02,12:27,557525
850.3,2017-03-02,12:27,558393
850.33,2017-03-02,12:28,559801
850.4,2017-03-02,12:29,561341
850.84,2017-03-02,12:30,563357
850.99,2017-03-02,12:31,564681
850.81,2017-03-02,12:32,566271
850.72,2017-03-02,12:33,567000
850.9,2017-03-02,12:34,567685
850.98,2017-03-02,12:35,568071
850.94,2017-03-02,12:36,568352
850.68,2017-03-02,12:38,570228
850.83,2017-03-02,12:38,572630
851.1,2017-03-02,12:39,573382
850.8,2017-03-02,12:40,574572
851.16,2017-03-02,12:41,575896
850.5,2017-03-02,12:42,577495
850.73,2017-03-02,12:43,578087
850.75,2017-03-02,12:44,579125
850.83,2017-03-02,12:45,579839
850.75,2017-03-02,12:46,581981
850.51,2017-03-02,12:47,584381
850.8018,2017-03-02,12:48,584557
850.73,2017-03-02,12:49,584725
850.81,2017-03-02,12:50,585951
850.72,2017-03-02,12:51,586945
850.65,2017-03-02,12:52,588217
851.1955,2017-03-02,12:53,589979
851.54,2017-03-02,12:54,591657
851.28,2017-03-02,12:55,593172
851.177,2017-03-02,12:56,593563
851.177,2017-03-02,12:56,593629
851.39,2017-03-02,12:58,594753
851.555,2017-03-02,12:59,595928
851.4,2017-03-02,13:00,596863
851.29,2017-03-02,13:01,597546
851.3,2017-03-02,13:02,597770
851.28,2017-03-02,13:03,598439
851.33,2017-03-02,13:04,598690
851.32,2017-03-02,13:05,599613
851.21,2017-03-02,13:06,599966
851.19,2017-03-02,13:07,600368
850.96,2017-03-02,13:08,609346
850.75,2017-03-02,13:09,610068
850.7,2017-03-02,13:10,610571
850.73,2017-03-02,13:11,611241
850.73,2017-03-02,13:12,612628
851.23,2017-03-02,13:13,614756
851.01,2017-03-02,13:14,615461
850.95,2017-03-02,13:15,616258
850.98,2017-03-02,13:16,616622
850.91,2017-03-02,13:17,616951
850.66,2017-03-02,13:18,618279
850.72,2017-03-02,13:19,618705
850.73,2017-03-02,13:20,620131
850.62,2017-03-02,13:21,621855
851.04,2017-03-02,13:22,624832
851.03,2017-03-02,13:23,625632
850.92,2017-03-02,13:24,627282
851.03,2017-03-02,13:26,629615
851.01,2017-03-02,13:26,630550
851.08,2017-03-02,13:27,634536
851.08,2017-03-02,13:28,636534
851.025,2017-03-02,13:29,637823
851.22,2017-03-02,13:31,640894
851.21,2017-03-02,13:31,641592
850.76,2017-03-02,13:32,644180
850.8563,2017-03-02,13:33,644521
851.12,2017-03-02,13:34,645264
851.38,2017-03-02,13:35,648626
851.17,2017-03-02,13:37,648976
851.308,2017-03-02,13:37,649603
851.35,2017-03-02,13:38,651658
851.255,2017-03-02,13:39,652421
851.255,2017-03-02,13:39,652843
851.31,2017-03-02,13:41,653733
851.17,2017-03-02,13:42,654561
851.38,2017-03-02,13:43,655588
851.39,2017-03-02,13:44,656319
851.385,2017-03-02,13:45,657294
851.28,2017-03-02,13:46,657815
851.36,2017-03-02,13:47,659713
851.315,2017-03-02,13:48,661428
851.13,2017-03-02,13:49,661737
851.37,2017-03-02,13:50,662459
851.3213,2017-03-02,13:51,662982
851.26,2017-03-02,13:52,664850
851.26,2017-03-02,13:52,665088
851.33,2017-03-02,13:54,666246
851.395,2017-03-02,13:55,667406
851.49,2017-03-02,13:56,668308
851.5,2017-03-02,13:57,670014
851.34,2017-03-02,13:58,671847
851.38,2017-03-02,13:59,672619
851.22,2017-03-02,14:00,673213
851.36,2017-03-02,14:01,674112
851.4,2017-03-02,14:02,674935
851.2,2017-03-02,14:03,678214
851.22,2017-03-02,14:04,681180
851.2,2017-03-02,14:05,683488
851.49,2017-03-02,14:06,685603
851.31,2017-03-02,14:07,686004
851.26,2017-03-02,14:08,686732
851.2,2017-03-02,14:09,687643
851.175,2017-03-02,14:10,688385
851.11,2017-03-02,14:11,690498
851.454,2017-03-02,14:12,694172
851.25,2017-03-02,14:13,694871
851.39,2017-03-02,14:14,695947
851.2,2017-03-02,14:15,698348
851.21,2017-03-02,14:16,698766
851.15,2017-03-02,14:17,701208
851.0,2017-03-02,14:18,703842
850.95,2017-03-02,14:19,706156
850.87,2017-03-02,14:20,707243
851.2,2017-03-02,14:21,708196
850.98,2017-03-02,14:22,709559
851.055,2017-03-02,14:23,709830
851.1799,2017-03-02,14:24,710739
851.03,2017-03-02,14:25,711770
851.0,2017-03-02,14:26,712787
851.372,2017-03-02,14:27,715082
851.47,2017-03-02,14:28,715741
851.51,2017-03-02,14:29,719710
851.37,2017-03-02,14:31,723924
851.31,2017-03-02,14:32,725729
851.255,2017-03-02,14:32,727859
851.56,2017-03-02,14:33,731748
851.82,2017-03-02,14:34,736171
851.71,2017-03-02,14:35,736967
851.71,2017-03-02,14:35,737376
851.71,2017-03-02,14:37,739768
851.62,2017-03-02,14:38,741725
851.72,2017-03-02,14:39,743576
851.6,2017-03-02,14:41,745948
851.68,2017-03-02,14:41,747367
851.59,2017-03-02,14:42,748085
851.79,2017-03-02,14:43,751488
851.8829,2017-03-02,14:44,751804
851.7282,2017-03-02,14:45,753438
851.76,2017-03-02,14:46,754879
851.75,2017-03-02,14:47,756836
851.59,2017-03-02,14:48,757738
851.79,2017-03-02,14:49,759005
851.72,2017-03-02,14:50,759937
851.72,2017-03-02,14:50,760095
851.73,2017-03-02,14:52,761489
851.72,2017-03-02,14:53,761894
851.55,2017-03-02,14:54,762569
851.63,2017-03-02,14:56,763062
851.64,2017-03-02,14:56,763881
851.69,2017-03-02,14:57,765260
851.65,2017-03-02,14:58,767048
851.77,2017-03-02,14:59,769108
851.62,2017-03-02,15:00,769934
851.56,2017-03-02,15:01,770547
851.72,2017-03-02,15:02,771078
851.85,2017-03-02,15:03,772082
851.65,2017-03-02,15:04,773624
851.65,2017-03-02,15:05,774470
851.49,2017-03-02,15:06,775562
851.635,2017-03-02,15:07,776968
851.3,2017-03-02,15:08,778963
851.35,2017-03-02,15:09,780044
851.0638,2017-03-02,15:10,783618
851.47,2017-03-02,15:11,784616
851.365,2017-03-02,15:13,785740
851.415,2017-03-02,15:13,786040
851.29,2017-03-02,15:14,786892
850.73,2017-03-02,15:15,793061
850.1,2017-03-02,15:16,796015
849.83,2017-03-02,15:17,809364
850.34,2017-03-02,15:19,813061
850.73,2017-03-02,15:19,814725
850.56,2017-03-02,15:20,818200
850.525,2017-03-02,15:21,821296
850.6425,2017-03-02,15:22,823454
850.3,2017-03-02,15:23,826431
850.28,2017-03-02,15:24,828991
850.2,2017-03-02,15:25,830750
850.27,2017-03-02,15:27,833013
850.58,2017-03-02,15:28,835361
850.53,2017-03-02,15:29,836197
850.7,2017-03-02,15:29,839976
850.69,2017-03-02,15:30,842582
850.0,2017-03-02,15:31,846614
850.32,2017-03-02,15:33,848383
850.04,2017-03-02,15:33,852337
849.57,2017-03-02,15:34,863177
849.99,2017-03-02,15:35,868529
849.835,2017-03-02,15:36,872400
849.97,2017-03-02,15:37,876392
849.92,2017-03-02,15:38,884832
849.6,2017-03-02,15:39,888274
849.58,2017-03-02,15:40,891791
849.57,2017-03-02,15:42,895242
849.345,2017-03-02,15:42,899449
848.86,2017-03-02,15:43,906460
848.91,2017-03-02,15:44,914118
849.08,2017-03-02,15:45,919180
849.245,2017-03-02,15:46,923873
849.32,2017-03-02,15:47,928741
849.33,2017-03-02,15:48,934578
849.29,2017-03-02,15:49,943721
849.63,2017-03-02,15:50,955742
849.51,2017-03-02,15:51,965152
849.86,2017-03-02,15:52,973604
850.12,2017-03-02,15:54,978355
850.48,2017-03-02,15:54,985057
850.4378,2017-03-02,15:55,997347
850.4,2017-03-02,15:56,1004696
849.9,2017-03-02,15:57,1018955
849.58,2017-03-02,15:58,1035271
849.84,2017-03-02,15:59,1101301
