2015-12-31, 27.379999, 27.450001, 27.139999, 27.16, 16921300
2015-12-30, 27.66, 27.77, 27.52, 27.530001, 10620300
2015-12-29, 27.440001, 27.82, 27.40, 27.77, 16319600
2015-12-28, 27.299999, 27.370001, 27.129999, 27.309999, 14204900
2015-12-24, 27.41, 27.549999, 27.370001, 27.379999, 8166300
2015-12-23, 27.040001, 27.41, 27.00, 27.40, 18803700
2015-12-22, 26.85, 26.90, 26.559999, 26.889999, 18966300
2015-12-21, 26.58, 26.65, 26.41, 26.639999, 20242900
2015-12-18, 26.60, 26.82, 26.26, 26.27, 36732700
2015-12-17, 27.290001, 27.309999, 26.700001, 26.719999, 24812200
2015-12-16, 27.00, 27.290001, 26.68, 27.24, 22731500
2015-12-15, 26.719999, 27.110001, 26.610001, 26.85, 30393700
2015-12-14, 26.299999, 26.52, 25.959999, 26.49, 32642100
2015-12-11, 26.49, 26.49, 26.129999, 26.16, 34295700
2015-12-10, 26.74, 27.040001, 26.66, 26.77, 23305200
2015-12-09, 26.959999, 27.35, 26.66, 26.73, 24127400
2015-12-08, 27.17, 27.290001, 27.02, 27.15, 18635700
2015-12-07, 27.559999, 27.559999, 27.26, 27.49, 15350200
2015-12-04, 26.950001, 27.549999, 26.950001, 27.48, 28143700
2015-12-03, 27.629999, 27.690001, 26.82, 26.950001, 25783800
2015-12-02, 27.49, 27.90, 27.370001, 27.440001, 29178200
2015-12-01, 27.200001, 27.65, 27.200001, 27.57, 31406300
2015-11-30, 27.34, 27.48, 27.200001, 27.25, 30736700
2015-11-27, 27.25, 27.48, 27.24, 27.32, 9532300
2015-11-25, 27.32, 27.389999, 27.00, 27.24, 22472500
2015-11-24, 27.25, 27.440001, 27.00, 27.27, 32859200
2015-11-23, 27.65, 27.84, 27.34, 27.43, 24684600
2015-11-20, 27.59, 27.780001, 27.459999, 27.57, 26502800
2015-11-19, 27.10, 27.65, 27.049999, 27.370001, 27417400
2015-11-18, 27.00, 27.16, 26.73, 27.120001, 27015700
2015-11-17, 26.799999, 27.27, 26.68, 26.809999, 30490200
2015-11-16, 26.07, 27.00, 26.059999, 26.790001, 44949600
2015-11-13, 26.290001, 26.68, 25.82, 26.209999, 94556200
2015-11-12, 27.74, 28.07, 27.719999, 27.83, 38135900
2015-11-11, 28.10, 28.10, 27.75, 27.82, 32599300
2015-11-10, 28.18, 28.219999, 27.90, 27.98, 26701800
2015-11-09, 28.35, 28.49, 28.00, 28.18, 25865900
2015-11-06, 28.309999, 28.549999, 28.16, 28.450001, 26107600
2015-11-05, 28.50, 28.610001, 28.290001, 28.43, 21988600
2015-11-04, 28.790001, 28.82, 28.370001, 28.469999, 28591800
2015-11-03, 28.610001, 28.709999, 28.49, 28.610001, 30555300
2015-11-02, 28.870001, 28.870001, 28.51, 28.77, 28912600
2015-10-30, 29.00, 29.25, 28.85, 28.85, 22334100
2015-10-29, 29.15, 29.209999, 28.93, 29.139999, 16717800
2015-10-28, 29.290001, 29.450001, 29.040001, 29.360001, 23741400
2015-10-27, 28.719999, 29.059999, 28.58, 29.049999, 19480600
2015-10-26, 29.32, 29.49, 28.879999, 28.950001, 20354800
2015-10-23, 29.02, 29.379999, 28.93, 29.35, 26076900
2015-10-22, 28.559999, 29.209999, 28.50, 29.01, 32162500
2015-10-21, 28.60, 28.82, 28.219999, 28.280001, 19008900
2015-10-20, 28.200001, 28.52, 28.15, 28.50, 20192100
2015-10-19, 28.120001, 28.290001, 27.940001, 28.25, 20778100
2015-10-16, 28.34, 28.35, 28.00, 28.25, 19948300
2015-10-15, 28.10, 28.190001, 27.870001, 28.15, 18996900
2015-10-14, 27.75, 27.90, 27.59, 27.82, 20144000
2015-10-13, 27.75, 27.950001, 27.74, 27.85, 15107200
2015-10-12, 27.93, 28.10, 27.76, 27.959999, 14486000
2015-10-09, 28.01, 28.15, 27.82, 27.91, 22125800
2015-10-08, 27.51, 28.02, 27.43, 27.91, 22500200
2015-10-07, 27.52, 27.950001, 27.00, 27.540001, 29749700
2015-10-06, 27.030001, 27.469999, 26.98, 27.23, 33758200
2015-10-05, 26.040001, 26.98, 25.969999, 26.85, 30217900
2015-10-02, 25.40, 25.790001, 25.34, 25.76, 34910700
2015-10-01, 26.049999, 26.16, 25.549999, 25.73, 26933200
2015-09-30, 26.00, 26.379999, 25.879999, 26.25, 32093700
2015-09-29, 25.639999, 25.93, 25.559999, 25.639999, 27095600
2015-09-28, 25.83, 26.02, 25.59, 25.66, 27211200
2015-09-25, 25.809999, 26.299999, 25.799999, 26.030001, 37618300
2015-09-24, 25.09, 25.50, 24.92, 25.41, 35598000
2015-09-23, 25.219999, 25.309999, 25.01, 25.280001, 18804200
2015-09-22, 25.059999, 25.209999, 24.969999, 25.139999, 21305200
2015-09-21, 25.450001, 25.82, 25.35, 25.540001, 21945600
2015-09-18, 25.57, 25.74, 25.25, 25.540001, 40020100
2015-09-17, 25.959999, 26.280001, 25.809999, 25.879999, 25409600
2015-09-16, 26.07, 26.10, 25.85, 26.07, 21245300
2015-09-15, 25.559999, 26.08, 25.559999, 25.98, 20479400
2015-09-14, 26.15, 26.17, 25.66, 25.700001, 18636000
2015-09-11, 26.00, 26.18, 25.809999, 26.02, 21529100
2015-09-10, 25.90, 26.49, 25.85, 26.26, 26424600
2015-09-09, 26.50, 26.73, 25.879999, 25.940001, 25032300
2015-09-08, 25.98, 26.33, 25.91, 26.299999, 20932900
2015-09-04, 25.42, 25.65, 25.35, 25.52, 26903500
2015-09-03, 25.879999, 26.15, 25.73, 25.90, 27958400
2015-09-02, 25.59, 25.66, 25.08, 25.65, 27925300
2015-09-01, 25.219999, 25.620001, 25.01, 25.120001, 32705400
2015-08-31, 25.940001, 26.110001, 25.74, 25.879999, 32388300
2015-08-28, 25.91, 26.049999, 25.82, 26.00, 26918900
2015-08-27, 26.00, 26.190001, 25.610001, 26.17, 36504700
2015-08-26, 25.280001, 25.74, 24.709999, 25.68, 54783200
2015-08-25, 25.940001, 25.99, 24.60, 24.620001, 40610100
2015-08-24, 24.889999, 26.08, 23.030001, 25.190001, 61667000
2015-08-21, 26.879999, 27.34, 26.469999, 26.469999, 48502400
2015-08-20, 27.559999, 27.75, 27.040001, 27.040001, 37889400
2015-08-19, 28.10, 28.24, 27.719999, 27.799999, 29990100
2015-08-18, 28.709999, 28.719999, 28.18, 28.25, 32210400
2015-08-17, 28.65, 28.969999, 28.51, 28.83, 21264000
2015-08-14, 28.780001, 29.049999, 28.75, 29.030001, 24890800
2015-08-13, 28.780001, 29.209999, 28.690001, 28.700001, 61154000
2015-08-12, 27.799999, 28.10, 27.41, 27.90, 41085000
2015-08-11, 28.24, 28.389999, 27.85, 28.02, 25391900
2015-08-10, 28.48, 28.700001, 28.27, 28.59, 23740000
2015-08-07, 28.17, 28.23, 27.90, 28.15, 16039400
2015-08-06, 28.370001, 28.67, 28.00, 28.209999, 20143800
2015-08-05, 28.110001, 28.60, 28.10, 28.27, 19236200
2015-08-04, 28.219999, 28.459999, 27.889999, 28.030001, 18578100
2015-08-03, 28.41, 28.59, 28.110001, 28.360001, 17450900
2015-07-31, 28.389999, 28.559999, 28.16, 28.42, 20376000
2015-07-30, 28.219999, 28.459999, 28.200001, 28.299999, 17458100
2015-07-29, 28.200001, 28.52, 28.02, 28.40, 21419900
2015-07-28, 28.34, 28.35, 27.85, 28.209999, 23573200
2015-07-27, 28.309999, 28.559999, 28.190001, 28.209999, 30914400
2015-07-24, 28.450001, 28.77, 28.379999, 28.40, 39471700
2015-07-23, 27.700001, 28.25, 27.58, 28.01, 34103200
2015-07-22, 27.83, 28.059999, 27.440001, 27.530001, 26889200
2015-07-21, 27.959999, 28.25, 27.790001, 27.84, 23874000
2015-07-20, 28.129999, 28.16, 27.879999, 28.030001, 19477000
2015-07-17, 28.27, 28.309999, 27.969999, 28.18, 24248900
2015-07-16, 28.24, 28.42, 28.209999, 28.32, 21058100
2015-07-15, 27.860001, 28.24, 27.809999, 28.110001, 23378400
2015-07-14, 27.870001, 28.040001, 27.700001, 28.030001, 20932800
2015-07-13, 27.49, 27.799999, 27.42, 27.790001, 20623100
2015-07-10, 27.27, 27.360001, 27.040001, 27.280001, 16079300
2015-07-09, 27.379999, 27.450001, 26.90, 26.91, 20095500
2015-07-08, 27.08, 27.16, 26.84, 26.99, 27863400
2015-07-07, 27.219999, 27.450001, 26.889999, 27.360001, 25436700
2015-07-06, 27.00, 27.26, 26.889999, 27.219999, 22858200
2015-07-02, 27.370001, 27.57, 27.290001, 27.33, 15635500
2015-07-01, 27.42, 27.50, 27.07, 27.35, 24461300
2015-06-30, 27.83, 27.83, 27.33, 27.459999, 31236800
2015-06-29, 27.99, 28.110001, 27.50, 27.540001, 31838300
2015-06-26, 28.49, 28.49, 28.01, 28.280001, 28087800
2015-06-25, 28.559999, 28.65, 28.379999, 28.40, 14606100
2015-06-24, 28.790001, 28.85, 28.49, 28.51, 20978800
2015-06-23, 29.00, 29.040001, 28.620001, 28.790001, 21041300
2015-06-22, 29.10, 29.219999, 28.82, 28.940001, 20160000
2015-06-19, 29.24, 29.32, 28.940001, 29.030001, 31970100
2015-06-18, 28.85, 29.35, 28.82, 29.209999, 24156100
2015-06-17, 28.84, 29.040001, 28.66, 28.93, 20959000
2015-06-16, 28.35, 28.790001, 28.280001, 28.709999, 16920300
2015-06-15, 28.23, 28.52, 28.110001, 28.48, 25722100
2015-06-12, 28.66, 28.67, 28.309999, 28.540001, 21919500
2015-06-11, 28.75, 29.219999, 28.75, 28.860001, 24387100
2015-06-10, 28.469999, 28.91, 28.27, 28.66, 26223300
2015-06-09, 28.27, 28.42, 28.01, 28.24, 15527500
2015-06-08, 28.67, 28.700001, 28.23, 28.280001, 19011700
2015-06-05, 28.549999, 28.709999, 28.49, 28.58, 25357900
2015-06-04, 28.90, 29.10, 28.540001, 28.610001, 26774500
2015-06-03, 29.209999, 29.299999, 29.049999, 29.09, 20517100
2015-06-02, 29.09, 29.27, 28.950001, 29.08, 15995600
2015-06-01, 29.60, 29.620001, 29.049999, 29.18, 23799400
2015-05-29, 29.32, 29.59, 29.190001, 29.309999, 26018100
2015-05-28, 29.34, 29.559999, 29.16, 29.35, 18219600
2015-05-27, 29.059999, 29.48, 29.02, 29.309999, 23959900
2015-05-26, 29.190001, 29.25, 28.75, 28.950001, 25877100
2015-05-22, 29.389999, 29.450001, 29.26, 29.26, 20079700
2015-05-21, 29.610001, 29.77, 29.43, 29.43, 20806900
2015-05-20, 29.799999, 29.85, 29.530001, 29.620001, 19410900
2015-05-19, 29.870001, 29.90, 29.629999, 29.74, 18926300
2015-05-18, 29.42, 29.90, 29.42, 29.76, 23953000
2015-05-15, 29.24, 29.82, 29.16, 29.549999, 37677300
2015-05-14, 29.290001, 29.66, 28.969999, 29.049999, 56696300
2015-05-13, 29.139999, 29.469999, 29.129999, 29.35, 38264000
2015-05-12, 29.07, 29.440001, 28.799999, 29.23, 31761000
2015-05-11, 29.50, 29.790001, 29.200001, 29.209999, 27045200
2015-05-08, 28.99, 29.370001, 28.99, 29.23, 22572400
2015-05-07, 28.99, 29.120001, 28.74, 28.809999, 22643800
2015-05-06, 28.90, 29.08, 28.690001, 28.969999, 23572000
2015-05-05, 29.17, 29.209999, 28.84, 28.889999, 22463800
2015-05-04, 29.08, 29.360001, 29.07, 29.17, 16484100
2015-05-01, 28.809999, 29.200001, 28.780001, 29.129999, 18936000
2015-04-30, 28.85, 29.02, 28.68, 28.83, 26514500
2015-04-29, 29.059999, 29.25, 28.90, 29.049999, 22463700
2015-04-28, 28.799999, 29.33, 28.76, 29.32, 24315300
2015-04-27, 28.879999, 29.030001, 28.709999, 28.889999, 22952000
2015-04-24, 29.190001, 29.280001, 28.67, 28.82, 27145600
2015-04-23, 28.40, 28.82, 28.200001, 28.68, 22230100
2015-04-22, 28.67, 28.790001, 28.42, 28.620001, 19111700
2015-04-21, 28.719999, 28.92, 28.66, 28.690001, 23956900
2015-04-20, 28.16, 28.629999, 28.16, 28.48, 21921800
2015-04-17, 28.26, 28.40, 27.90, 27.92, 36904700
2015-04-16, 28.190001, 28.639999, 28.10, 28.60, 29863500
2015-04-15, 28.10, 28.42, 27.969999, 28.25, 31160900
2015-04-14, 28.00, 28.059999, 27.68, 27.809999, 19296300
2015-04-13, 27.99, 28.280001, 27.940001, 27.98, 22769600
2015-04-10, 27.58, 28.08, 27.559999, 28.040001, 24634600
2015-04-09, 27.59, 27.74, 27.42, 27.629999, 16684500
2015-04-08, 27.370001, 27.66, 27.370001, 27.549999, 19076400
2015-04-07, 27.200001, 27.559999, 27.129999, 27.389999, 16861800
2015-04-06, 26.959999, 27.32, 26.84, 27.219999, 20004000
2015-04-02, 27.219999, 27.50, 27.129999, 27.129999, 19527200
2015-04-01, 27.309999, 27.639999, 27.10, 27.25, 22420500
2015-03-31, 27.34, 27.690001, 27.280001, 27.530001, 29258300
2015-03-30, 27.219999, 27.75, 27.219999, 27.65, 29056300
2015-03-27, 27.07, 27.209999, 26.940001, 27.129999, 20464500
2015-03-26, 27.190001, 27.309999, 26.620001, 27.09, 48928100
2015-03-25, 27.92, 28.09, 27.459999, 27.459999, 27158700
2015-03-24, 28.290001, 28.57, 27.99, 28.00, 23263600
2015-03-23, 28.440001, 28.690001, 28.360001, 28.41, 23478600
2015-03-20, 28.450001, 28.620001, 28.32, 28.440001, 37628700
2015-03-19, 28.10, 28.540001, 28.030001, 28.26, 27980400
2015-03-18, 27.879999, 28.34, 27.719999, 28.15, 34910900
2015-03-17, 28.190001, 28.280001, 27.950001, 28.15, 21895700
2015-03-16, 28.10, 28.379999, 28.040001, 28.299999, 25358900
2015-03-13, 28.02, 28.26, 27.57, 27.940001, 36511000
2015-03-12, 28.049999, 28.540001, 28.049999, 28.24, 22978700
2015-03-11, 28.68, 28.76, 28.209999, 28.26, 25160200
2015-03-10, 29.15, 29.17, 28.66, 28.66, 26542300
2015-03-09, 28.90, 29.450001, 28.76, 29.360001, 23007700
2015-03-06, 29.110001, 29.27, 28.799999, 28.93, 27035000
2015-03-05, 29.469999, 29.49, 29.120001, 29.299999, 17985000
2015-03-04, 29.35, 29.52, 29.110001, 29.33, 32866900
2015-03-03, 30.10, 30.120001, 29.469999, 29.540001, 32990300
2015-03-02, 29.360001, 30.309999, 29.34, 30.190001, 35981900
2015-02-27, 29.889999, 29.91, 29.379999, 29.51, 29135500
2015-02-26, 29.52, 29.99, 29.52, 29.91, 28305200
2015-02-25, 29.440001, 29.57, 29.32, 29.49, 17368100
2015-02-24, 29.559999, 29.709999, 29.43, 29.629999, 18479500
2015-02-23, 29.629999, 29.65, 29.42, 29.629999, 24026800
2015-02-20, 29.35, 29.66, 29.16, 29.610001, 25985600
2015-02-19, 29.309999, 29.389999, 29.129999, 29.309999, 21477800
2015-02-18, 29.190001, 29.549999, 29.120001, 29.49, 24503700
2015-02-17, 29.26, 29.35, 29.030001, 29.309999, 34217200
2015-02-13, 29.379999, 29.50, 29.110001, 29.43, 50656700
2015-02-12, 28.99, 29.58, 28.84, 29.459999, 117439100
2015-02-11, 27.65, 27.65, 26.90, 26.93, 46213500
2015-02-10, 27.16, 27.540001, 27.15, 27.49, 22250300
2015-02-09, 27.209999, 27.41, 27.059999, 27.120001, 23681000
2015-02-06, 27.370001, 27.66, 27.139999, 27.24, 25482400
2015-02-05, 26.75, 27.299999, 26.58, 27.26, 20548400
2015-02-04, 27.059999, 27.219999, 26.610001, 26.690001, 27696300
2015-02-03, 26.90, 27.120001, 26.690001, 27.120001, 28044300
2015-02-02, 26.389999, 26.870001, 25.92, 26.83, 29417000
2015-01-30, 26.879999, 27.110001, 26.32, 26.370001, 38419100
2015-01-29, 26.74, 27.309999, 26.639999, 27.219999, 28095400
2015-01-28, 27.389999, 27.60, 26.799999, 26.809999, 32381700
2015-01-27, 27.52, 27.59, 26.66, 26.90, 46110500
2015-01-26, 28.219999, 28.23, 27.700001, 27.969999, 18370100
2015-01-23, 28.360001, 28.50, 28.139999, 28.209999, 21802500
2015-01-22, 27.549999, 28.51, 27.219999, 28.50, 49494700
2015-01-21, 28.059999, 28.190001, 27.700001, 27.84, 29298500
2015-01-20, 27.76, 28.27, 27.66, 28.07, 33684200
2015-01-16, 27.360001, 27.77, 27.209999, 27.68, 26655100
2015-01-15, 28.09, 28.200001, 27.35, 27.41, 29521100
2015-01-14, 27.84, 28.049999, 27.639999, 27.92, 29442800
2015-01-13, 28.209999, 28.700001, 27.90, 28.10, 36074200
2015-01-12, 28.00, 28.200001, 27.82, 28.049999, 38648400
2015-01-09, 27.67, 28.07, 27.450001, 27.790001, 33619600
2015-01-08, 27.540001, 28.09, 27.469999, 27.51, 40907000
2015-01-07, 27.139999, 27.40, 26.98, 27.299999, 27570800
2015-01-06, 27.139999, 27.68, 27.040001, 27.049999, 47297600
2015-01-05, 27.32, 27.450001, 27.00, 27.059999, 29460600
2015-01-02, 27.860001, 28.120001, 27.379999, 27.610001, 22926500
2014-12-31, 28.280001, 28.41, 27.809999, 27.82, 21478700
2014-12-30, 28.440001, 28.48, 28.309999, 28.360001, 15487700
2014-12-29, 28.35, 28.57, 28.32, 28.459999, 13445600
2014-12-26, 28.50, 28.50, 28.280001, 28.35, 9739600
2014-12-24, 28.290001, 28.59, 28.290001, 28.299999, 11411200
2014-12-23, 28.219999, 28.50, 28.190001, 28.25, 23538600
2014-12-22, 27.799999, 28.290001, 27.75, 28.219999, 28858600
2014-12-19, 27.65, 27.85, 27.549999, 27.77, 59644100
2014-12-18, 27.040001, 27.66, 27.040001, 27.65, 34927700
2014-12-17, 26.620001, 26.90, 26.469999, 26.809999, 36617700
2014-12-16, 26.50, 27.17, 26.15, 26.59, 36622000
2014-12-15, 26.889999, 27.17, 26.48, 26.68, 27503200
2014-12-12, 26.709999, 27.15, 26.700001, 26.860001, 27032000
2014-12-11, 26.969999, 27.360001, 26.940001, 26.99, 22902400
2014-12-10, 27.26, 27.360001, 26.790001, 26.870001, 31773400
2014-12-09, 26.950001, 27.48, 26.83, 27.42, 25885900
2014-12-08, 27.42, 27.530001, 27.15, 27.23, 24275900
2014-12-05, 27.790001, 27.85, 27.40, 27.50, 26722300
2014-12-04, 27.92, 27.99, 27.58, 27.77, 23797800
2014-12-03, 27.709999, 27.99, 27.51, 27.950001, 27858600
2014-12-02, 27.60, 27.959999, 27.60, 27.82, 28247400
2014-12-01, 27.50, 27.610001, 27.33, 27.59, 19670200
2014-11-28, 27.52, 27.780001, 27.360001, 27.639999, 18138900
2014-11-26, 27.299999, 27.459999, 27.139999, 27.43, 19466000
2014-11-25, 27.030001, 27.299999, 27.030001, 27.280001, 28110100
2014-11-24, 26.879999, 27.120001, 26.879999, 27.030001, 26994800
2014-11-21, 26.950001, 27.049999, 26.67, 26.879999, 31912100
2014-11-20, 26.49, 26.84, 26.35, 26.809999, 23440100
2014-11-19, 26.58, 26.620001, 26.299999, 26.59, 19882500
2014-11-18, 26.50, 26.74, 26.40, 26.60, 27223100
2014-11-17, 26.110001, 26.549999, 26.00, 26.469999, 33224000
2014-11-14, 25.76, 26.34, 25.65, 26.32, 48667000
2014-11-13, 24.93, 25.889999, 24.879999, 25.68, 57138800
2014-11-12, 24.91, 25.190001, 24.879999, 25.110001, 42258800
2014-11-11, 25.200001, 25.209999, 25.02, 25.15, 19801700
2014-11-10, 25.040001, 25.23, 24.879999, 25.15, 32152700
2014-11-07, 25.299999, 25.40, 25.16, 25.33, 34001900
2014-11-06, 25.10, 25.280001, 25.02, 25.26, 18373700
2014-11-05, 24.969999, 25.17, 24.84, 25.15, 21979600
2014-11-04, 24.60, 24.91, 24.58, 24.879999, 24620900
2014-11-03, 24.450001, 24.59, 24.450001, 24.58, 16383400
2014-10-31, 24.59, 24.639999, 24.18, 24.469999, 30379100
2014-10-30, 24.00, 24.15, 23.879999, 24.08, 32212000
2014-10-29, 24.01, 24.299999, 23.92, 24.10, 18885500
2014-10-28, 23.82, 24.07, 23.82, 24.07, 17798600
2014-10-27, 23.620001, 23.809999, 23.60, 23.76, 16862700
2014-10-24, 23.60, 23.799999, 23.459999, 23.780001, 19942900
2014-10-23, 23.610001, 23.76, 23.42, 23.57, 21669900
2014-10-22, 23.67, 23.68, 23.24, 23.26, 25172900
2014-10-21, 23.10, 23.60, 22.959999, 23.51, 33712700
2014-10-20, 22.90, 23.08, 22.690001, 22.93, 34386900
2014-10-17, 22.98, 23.33, 22.92, 23.25, 28485000
2014-10-16, 22.65, 23.08, 22.559999, 22.82, 30929300
2014-10-15, 22.790001, 23.15, 22.49, 22.959999, 40079600
2014-10-14, 23.059999, 23.35, 22.959999, 23.059999, 29317500
2014-10-13, 23.24, 23.450001, 22.93, 22.93, 33227700
2014-10-10, 23.91, 24.01, 23.34, 23.34, 48313600
2014-10-09, 24.51, 24.639999, 24.18, 24.190001, 29341200
2014-10-08, 24.57, 24.68, 24.18, 24.66, 40348300
2014-10-07, 25.01, 25.25, 24.59, 24.639999, 29309600
2014-10-06, 25.35, 25.42, 24.959999, 25.01, 23952600
2014-10-03, 25.209999, 25.370001, 25.040001, 25.309999, 29038300
2014-10-02, 25.049999, 25.110001, 24.75, 25.059999, 28334000
2014-10-01, 25.200001, 25.25, 24.940001, 25.030001, 44916200
2014-09-30, 24.90, 25.25, 24.85, 25.17, 36919300
2014-09-29, 24.73, 25.200001, 24.73, 25.120001, 28707700
2014-09-26, 24.50, 25.09, 24.459999, 25.00, 29863700
2014-09-25, 24.959999, 24.959999, 24.50, 24.540001, 27242000
2014-09-24, 24.73, 25.040001, 24.629999, 24.98, 19700400
2014-09-23, 24.870001, 25.030001, 24.67, 24.700001, 20747900
2014-09-22, 25.190001, 25.190001, 24.860001, 24.969999, 21346700
2014-09-19, 25.209999, 25.299999, 25.01, 25.200001, 47343700
2014-09-18, 25.17, 25.27, 25.15, 25.219999, 15939900
2014-09-17, 25.139999, 25.309999, 25.07, 25.209999, 25703300
2014-09-16, 25.00, 25.42, 24.98, 25.219999, 31902300
2014-09-15, 24.950001, 25.09, 24.870001, 25.059999, 33411400
2014-09-12, 25.16, 25.26, 25.07, 25.16, 33197300
2014-09-11, 24.92, 25.200001, 24.85, 25.18, 22105400
2014-09-10, 24.84, 25.00, 24.84, 24.93, 15738500
2014-09-09, 24.879999, 24.969999, 24.60, 24.860001, 19075800
2014-09-08, 24.93, 25.09, 24.809999, 24.950001, 14188500
2014-09-05, 24.860001, 25.07, 24.860001, 25.00, 19865200
2014-09-04, 25.08, 25.139999, 24.83, 24.91, 20268900
2014-09-03, 24.940001, 25.129999, 24.92, 25.040001, 22043200
2014-09-02, 24.940001, 25.00, 24.75, 24.879999, 19836000
2014-08-29, 24.90, 24.99, 24.76, 24.99, 17972300
2014-08-28, 24.700001, 24.90, 24.639999, 24.85, 15506400
2014-08-27, 24.790001, 24.860001, 24.709999, 24.799999, 15748800
2014-08-26, 24.700001, 24.93, 24.67, 24.809999, 17053400
2014-08-25, 24.700001, 24.84, 24.690001, 24.700001, 19355800
2014-08-22, 24.870001, 24.969999, 24.639999, 24.65, 22453700
2014-08-21, 24.75, 24.91, 24.719999, 24.889999, 20880800
2014-08-20, 24.549999, 24.75, 24.52, 24.709999, 20228900
2014-08-19, 24.629999, 24.690001, 24.60, 24.639999, 20347000
2014-08-18, 24.49, 24.66, 24.43, 24.629999, 27666900
2014-08-15, 24.66, 24.66, 24.27, 24.43, 33624000
2014-08-14, 24.940001, 24.940001, 24.32, 24.540001, 63790200
2014-08-13, 25.17, 25.27, 24.93, 25.200001, 43708600
2014-08-12, 25.209999, 25.27, 25.00, 25.15, 21928200
2014-08-11, 25.09, 25.370001, 25.01, 25.23, 25946200
2014-08-08, 24.870001, 25.059999, 24.74, 25.030001, 21648600
2014-08-07, 25.01, 25.110001, 24.690001, 24.860001, 24123500
2014-08-06, 24.93, 25.209999, 24.85, 24.93, 20990600
2014-08-05, 25.02, 25.120001, 24.870001, 24.969999, 21176500
2014-08-04, 24.940001, 25.219999, 24.860001, 25.17, 17252200
2014-08-01, 25.139999, 25.209999, 24.799999, 25.00, 28609200
2014-07-31, 25.48, 25.50, 25.17, 25.23, 28219900
2014-07-30, 25.83, 25.84, 25.469999, 25.629999, 26119900
2014-07-29, 25.879999, 26.01, 25.690001, 25.709999, 22441500
2014-07-28, 25.73, 26.00, 25.57, 25.92, 27686400
2014-07-25, 25.799999, 26.02, 25.68, 25.969999, 28640100
2014-07-24, 25.780001, 25.90, 25.68, 25.83, 21876300
2014-07-23, 25.719999, 25.790001, 25.549999, 25.68, 28759200
2014-07-22, 25.950001, 26.08, 25.91, 25.950001, 28734800
2014-07-21, 25.889999, 25.950001, 25.719999, 25.85, 20825400
2014-07-18, 25.700001, 25.959999, 25.67, 25.91, 25465300
2014-07-17, 25.84, 26.00, 25.58, 25.629999, 29568000
2014-07-16, 25.73, 26.049999, 25.73, 25.98, 40458600
2014-07-15, 25.379999, 25.68, 25.360001, 25.67, 29468800
2014-07-14, 25.610001, 25.65, 25.40, 25.440001, 19243600
2014-07-11, 25.52, 25.65, 25.440001, 25.52, 20945900
2014-07-10, 25.25, 25.52, 25.219999, 25.440001, 27278600
2014-07-09, 25.219999, 25.50, 25.139999, 25.440001, 35610300
2014-07-08, 25.209999, 25.309999, 25.059999, 25.07, 34622900
2014-07-07, 25.00, 25.25, 24.969999, 25.23, 21293500
2014-07-03, 25.15, 25.25, 25.129999, 25.190001, 19598800
2014-07-02, 24.969999, 25.139999, 24.870001, 25.030001, 30197200
2014-07-01, 24.99, 25.110001, 24.77, 25.08, 34613200
2014-06-30, 24.67, 24.90, 24.620001, 24.85, 23992100
2014-06-27, 24.60, 24.780001, 24.48, 24.700001, 34999300
2014-06-26, 24.66, 24.809999, 24.48, 24.65, 19134400
2014-06-25, 24.549999, 24.780001, 24.41, 24.719999, 22579500
2014-06-24, 24.620001, 24.74, 24.52, 24.530001, 24302000
2014-06-23, 24.809999, 24.90, 24.65, 24.700001, 18751100
2014-06-20, 24.629999, 24.90, 24.610001, 24.83, 39707300
2014-06-19, 24.620001, 24.709999, 24.450001, 24.709999, 20646800
2014-06-18, 24.700001, 24.75, 24.459999, 24.629999, 24723700
2014-06-17, 24.49, 24.620001, 24.41, 24.50, 17972800
2014-06-16, 24.52, 24.73, 24.450001, 24.530001, 19251300
2014-06-13, 24.67, 24.780001, 24.60, 24.700001, 20947600
2014-06-12, 24.950001, 25.01, 24.620001, 24.66, 26900400
2014-06-11, 24.85, 25.17, 24.790001, 25.040001, 36170300
2014-06-10, 24.73, 25.10, 24.60, 25.00, 36582000
2014-06-09, 24.790001, 24.950001, 24.719999, 24.799999, 18818400
2014-06-06, 24.73, 24.950001, 24.709999, 24.83, 22485100
2014-06-05, 24.620001, 24.74, 24.41, 24.700001, 23320300
2014-06-04, 24.610001, 24.65, 24.40, 24.50, 20635100
2014-06-03, 24.75, 24.82, 24.450001, 24.68, 23339100
2014-06-02, 24.639999, 24.799999, 24.559999, 24.780001, 20393300
2014-05-30, 24.709999, 24.75, 24.48, 24.620001, 29368700
2014-05-29, 24.85, 24.92, 24.559999, 24.68, 21642000
2014-05-28, 24.629999, 24.93, 24.629999, 24.82, 28650600
2014-05-27, 24.74, 24.879999, 24.629999, 24.709999, 32365700
2014-05-23, 24.379999, 24.57, 24.35, 24.52, 27778000
2014-05-22, 24.42, 24.540001, 24.290001, 24.379999, 26751000
2014-05-21, 24.219999, 24.65, 24.17, 24.48, 65262600
2014-05-20, 24.26, 24.389999, 24.02, 24.120001, 56321600
2014-05-19, 24.24, 24.450001, 24.120001, 24.35, 39388900
2014-05-16, 24.139999, 24.450001, 24.059999, 24.370001, 40477000
2014-05-15, 24.27, 24.690001, 24.120001, 24.18, 120944500
2014-05-14, 22.92, 23.049999, 22.629999, 22.809999, 59330100
2014-05-13, 23.139999, 23.209999, 22.76, 22.860001, 57933100
2014-05-12, 23.040001, 23.34, 23.00, 23.190001, 40216100
2014-05-09, 22.959999, 23.110001, 22.92, 23.02, 22593900
2014-05-08, 22.90, 23.17, 22.76, 23.02, 32181400
2014-05-07, 22.719999, 22.90, 22.43, 22.870001, 38895200
2014-05-06, 22.84, 22.889999, 22.629999, 22.719999, 21815200
2014-05-05, 22.90, 23.00, 22.719999, 22.959999, 17859200
2014-05-02, 23.110001, 23.120001, 22.90, 22.940001, 18757000
2014-05-01, 23.139999, 23.15, 22.91, 23.01, 17463700
2014-04-30, 23.08, 23.139999, 22.92, 23.110001, 23979300
2014-04-29, 23.200001, 23.209999, 23.059999, 23.16, 14582400
2014-04-28, 23.15, 23.24, 22.790001, 23.02, 36817100
2014-04-25, 23.27, 23.32, 22.879999, 23.00, 25087300
2014-04-24, 23.639999, 23.639999, 23.24, 23.33, 33976700
2014-04-23, 23.52, 23.57, 23.24, 23.50, 29972800
2014-04-22, 23.43, 23.610001, 23.40, 23.52, 28725000
2014-04-21, 23.219999, 23.59, 23.18, 23.40, 38795200
2014-04-17, 23.01, 23.290001, 22.780001, 23.209999, 47813400
2014-04-16, 23.030001, 23.15, 22.83, 23.030001, 31451900
2014-04-15, 22.84, 23.00, 22.610001, 22.889999, 29845400
2014-04-14, 22.629999, 22.940001, 22.48, 22.85, 35804300
2014-04-11, 22.549999, 22.99, 22.43, 22.459999, 47253900
2014-04-10, 23.17, 23.26, 22.50, 22.65, 53927000
2014-04-09, 23.00, 23.32, 22.889999, 23.120001, 37888600
2014-04-08, 22.639999, 22.969999, 22.60, 22.940001, 37373900
2014-04-07, 22.60, 23.07, 22.50, 22.85, 55317100
2014-04-04, 23.280001, 23.35, 22.60, 22.709999, 49382300
2014-04-03, 23.049999, 23.299999, 23.00, 23.09, 30311200
2014-04-02, 23.110001, 23.129999, 22.76, 22.99, 38363700
2014-04-01, 22.33, 23.309999, 22.299999, 23.10, 80106400
2014-03-31, 22.49, 22.639999, 22.40, 22.42, 32887800
2014-03-28, 22.09, 22.540001, 22.049999, 22.33, 49289400
2014-03-27, 22.129999, 22.389999, 21.940001, 22.02, 52152300
2014-03-26, 22.440001, 22.690001, 22.32, 22.32, 67098900
2014-03-25, 21.690001, 22.360001, 21.65, 22.34, 53374300
2014-03-24, 21.68, 21.790001, 21.469999, 21.57, 32782100
2014-03-21, 21.940001, 22.10, 21.58, 21.639999, 97372900
2014-03-20, 21.59, 22.00, 21.59, 21.83, 34952800
2014-03-19, 21.690001, 21.799999, 21.559999, 21.629999, 32674300
2014-03-18, 21.34, 21.709999, 21.290001, 21.629999, 45849600
2014-03-17, 21.35, 21.620001, 21.27, 21.51, 33221900
2014-03-14, 21.549999, 21.65, 21.280001, 21.35, 38256700
2014-03-13, 21.889999, 21.92, 21.50, 21.52, 42144400
2014-03-12, 21.530001, 21.92, 21.530001, 21.82, 31854300
2014-03-11, 21.860001, 21.93, 21.58, 21.610001, 34642200
2014-03-10, 21.629999, 21.82, 21.60, 21.690001, 26163300
2014-03-07, 21.92, 21.940001, 21.66, 21.73, 33180000
2014-03-06, 21.879999, 21.98, 21.75, 21.82, 23567000
2014-03-05, 21.90, 22.049999, 21.809999, 21.870001, 28203400
2014-03-04, 21.780001, 21.889999, 21.700001, 21.82, 35673900
2014-03-03, 21.57, 21.82, 21.440001, 21.57, 37292900
2014-02-28, 21.969999, 22.110001, 21.700001, 21.799999, 40863200
2014-02-27, 21.879999, 22.049999, 21.860001, 21.92, 25804000
2014-02-26, 21.84, 22.02, 21.549999, 21.93, 43574600
2014-02-25, 22.15, 22.219999, 21.76, 21.84, 45303600
2014-02-24, 22.190001, 22.34, 22.00, 22.120001, 41858000
2014-02-21, 22.370001, 22.450001, 22.129999, 22.129999, 31483000
2014-02-20, 22.24, 22.40, 22.16, 22.299999, 26215000
2014-02-19, 22.33, 22.559999, 22.219999, 22.280001, 29309100
2014-02-18, 22.49, 22.540001, 22.33, 22.41, 31014400
2014-02-14, 22.219999, 22.77, 22.200001, 22.559999, 64513500
2014-02-13, 21.99, 22.27, 21.68, 22.27, 153739400
2014-02-12, 22.610001, 22.92, 22.52, 22.85, 69832400
2014-02-11, 22.780001, 22.879999, 22.67, 22.709999, 45804800
2014-02-10, 22.639999, 22.879999, 22.559999, 22.83, 45300500
2014-02-07, 22.52, 22.719999, 22.299999, 22.67, 54109200
2014-02-06, 22.040001, 22.58, 21.969999, 22.49, 49584300
2014-02-05, 21.690001, 22.07, 21.58, 21.98, 46291400
2014-02-04, 21.58, 21.82, 21.40, 21.799999, 46626500
2014-02-03, 21.93, 21.950001, 21.459999, 21.549999, 60693300
2014-01-31, 21.610001, 21.99, 21.610001, 21.91, 43325300
2014-01-30, 21.77, 21.99, 21.629999, 21.98, 42883000
2014-01-29, 21.620001, 21.84, 21.60, 21.65, 35406500
2014-01-28, 21.879999, 22.00, 21.700001, 21.75, 41431800
2014-01-27, 21.77, 22.110001, 21.76, 22.00, 60510000
2014-01-24, 22.40, 22.540001, 22.17, 22.200001, 40917300
2014-01-23, 22.690001, 22.85, 22.459999, 22.559999, 37013600
2014-01-22, 22.91, 22.950001, 22.780001, 22.84, 30700100
2014-01-21, 22.91, 22.950001, 22.639999, 22.83, 33423000
2014-01-17, 22.58, 22.780001, 22.58, 22.74, 44349100
2014-01-16, 22.85, 22.91, 22.629999, 22.780001, 38918100
2014-01-15, 22.50, 23.00, 22.42, 22.780001, 61767800
2014-01-14, 22.33, 22.52, 22.200001, 22.41, 44300800
2014-01-13, 22.389999, 22.82, 22.139999, 22.190001, 59600000
2014-01-10, 22.23, 22.280001, 21.99, 22.219999, 30318600
2014-01-09, 22.290001, 22.309999, 21.92, 22.09, 31794000
2014-01-08, 22.290001, 22.360001, 22.15, 22.290001, 38362700
2014-01-07, 22.26, 22.41, 22.15, 22.309999, 37368800
2014-01-06, 21.959999, 22.23, 21.93, 22.01, 34150300
2014-01-03, 22.09, 22.120001, 21.83, 21.98, 36328200
2014-01-02, 22.17, 22.290001, 21.91, 22.00, 44377000
