2015-12-31, 787.820007, 788.330017, 777.320007, 778.01001, 1629300
2015-12-30, 793.960022, 796.460022, 787.200012, 790.299988, 1428300
2015-12-29, 786.98999, 798.690002, 786.200012, 793.960022, 1921500
2015-12-28, 770.00, 782.820007, 767.72998, 782.23999, 1557800
2015-12-24, 768.52002, 769.200012, 764.390015, 765.840027, 520600
2015-12-23, 770.690002, 771.900024, 757.650024, 768.51001, 1529700
2015-12-22, 764.27002, 770.340027, 761.200012, 767.130005, 1816900
2015-12-21, 763.049988, 766.349976, 754.150024, 760.799988, 1742400
2015-12-18, 767.22998, 774.140015, 756.590027, 756.849976, 3389700
2015-12-17, 781.159973, 781.590027, 769.299988, 769.830017, 1825500
2015-12-16, 766.570007, 781.50, 757.049988, 776.590027, 2656000
2015-12-15, 767.789978, 774.75, 758.00, 760.090027, 2469300
2015-12-14, 751.26001, 764.150024, 736.26001, 762.539978, 2693200
2015-12-11, 749.00, 757.440002, 748.650024, 750.419983, 2159200
2015-12-10, 763.590027, 766.070007, 755.00, 760.039978, 1616600
2015-12-09, 771.099976, 776.090027, 752.01001, 762.549988, 2327500
2015-12-08, 764.50, 778.650024, 762.52002, 775.140015, 1554100
2015-12-07, 780.059998, 781.00, 766.719971, 772.98999, 1831300
2015-12-04, 769.710022, 782.419983, 765.51001, 779.210022, 2490000
2015-12-03, 780.559998, 784.47998, 762.450012, 768.200012, 2097500
2015-12-02, 785.25, 793.049988, 776.429993, 777.849976, 2343800
2015-12-01, 766.940002, 785.00, 765.950012, 783.789978, 2019900
2015-11-30, 771.869995, 775.030029, 761.119995, 762.849976, 1679300
2015-11-27, 769.159973, 774.00, 767.00, 771.969971, 721700
2015-11-25, 771.690002, 773.00, 766.530029, 769.26001, 1180600
2015-11-24, 772.960022, 775.98999, 758.109985, 769.630005, 2394000
2015-11-23, 777.469971, 782.900024, 773.51001, 776.700012, 1732400
2015-11-20, 769.299988, 779.320007, 764.099976, 777.00, 2773900
2015-11-19, 759.780029, 763.22998, 757.22998, 759.940002, 1403900
2015-11-18, 749.570007, 761.099976, 747.390015, 760.01001, 1813300
2015-11-17, 752.469971, 754.950012, 744.049988, 745.97998, 1943200
2015-11-16, 740.210022, 751.710022, 734.330017, 750.419983, 2535200
2015-11-13, 754.039978, 755.330017, 739.469971, 740.070007, 2409400
2015-11-12, 760.179993, 765.799988, 755.859985, 756.530029, 1772600
2015-11-11, 762.380005, 769.080017, 759.75, 765.25, 2093300
2015-11-10, 753.47998, 760.599976, 748.409973, 758.26001, 1489900
2015-11-09, 758.52002, 763.299988, 749.109985, 754.77002, 1776900
2015-11-06, 759.390015, 763.02002, 755.030029, 761.599976, 1677200
2015-11-05, 758.809998, 766.349976, 757.469971, 760.669983, 2274300
2015-11-04, 749.900024, 759.900024, 749.200012, 755.309998, 2092000
2015-11-03, 745.429993, 751.700012, 741.159973, 748.820007, 1815300
2015-11-02, 734.530029, 748.179993, 731.450012, 747.73999, 1995700
2015-10-30, 745.559998, 746.309998, 736.530029, 737.390015, 1999200
2015-10-29, 736.630005, 746.789978, 735.159973, 744.849976, 1826000
2015-10-28, 733.00, 737.369995, 727.27002, 736.919983, 1980200
2015-10-27, 726.570007, 735.960022, 724.140015, 732.820007, 1938900
2015-10-26, 720.02002, 734.950012, 720.02002, 731.119995, 2438800
2015-10-23, 750.059998, 752.50, 717.940002, 719.330017, 6336300
2015-10-22, 675.440002, 688.049988, 671.700012, 681.140015, 4431600
2015-10-21, 683.210022, 684.900024, 670.700012, 671.799988, 1597600
2015-10-20, 697.890015, 698.00, 673.679993, 680.00, 2613300
2015-10-19, 694.00, 700.23999, 692.210022, 699.950012, 1508600
2015-10-16, 695.400024, 696.219971, 689.099976, 695.320007, 1815800
2015-10-15, 685.25, 694.159973, 684.390015, 693.02002, 2357800
2015-10-14, 683.72998, 690.039978, 678.900024, 680.409973, 1564600
2015-10-13, 674.26001, 688.460022, 673.109985, 683.169983, 2122300
2015-10-12, 669.190002, 677.97998, 667.23999, 676.429993, 1334200
2015-10-09, 667.48999, 674.090027, 662.359985, 671.23999, 1606200
2015-10-08, 669.450012, 671.890015, 654.48999, 667.00, 1965400
2015-10-07, 677.400024, 678.73999, 658.109985, 670.00, 2217700
2015-10-06, 669.349976, 678.799988, 663.080017, 671.640015, 2138700
2015-10-05, 661.599976, 673.030029, 655.869995, 671.679993, 1898000
2015-10-02, 638.01001, 657.00, 633.50, 656.98999, 2439400
2015-10-01, 637.940002, 643.840027, 631.119995, 642.00, 2125300
2015-09-30, 631.830017, 639.309998, 629.150024, 638.369995, 2647700
2015-09-29, 625.50, 634.679993, 618.030029, 622.609985, 2106500
2015-09-28, 639.049988, 642.849976, 617.840027, 624.25, 2382300
2015-09-25, 658.580017, 658.580017, 639.659973, 640.150024, 2424000
2015-09-24, 648.969971, 656.77002, 642.169983, 654.909973, 1934600
2015-09-23, 652.900024, 660.280029, 650.72998, 653.289978, 1458000
2015-09-22, 657.469971, 658.820007, 645.030029, 653.200012, 2718100
2015-09-21, 665.51001, 669.00, 658.00, 666.97998, 1954700
2015-09-18, 665.059998, 669.840027, 660.030029, 660.919983, 3627200
2015-09-17, 667.48999, 681.98999, 665.00, 671.669983, 2387600
2015-09-16, 665.549988, 668.070007, 662.200012, 665.52002, 1312600
2015-09-15, 656.710022, 668.849976, 653.340027, 665.070007, 1777300
2015-09-14, 655.630005, 655.919983, 649.50, 652.469971, 1497100
2015-09-11, 650.210022, 655.309998, 647.409973, 655.299988, 1744600
2015-09-10, 643.900024, 654.900024, 641.700012, 651.080017, 1392500
2015-09-09, 651.880005, 657.359985, 640.900024, 643.409973, 2048900
2015-09-08, 641.00, 645.039978, 632.900024, 643.880005, 1954600
2015-09-04, 629.700012, 634.50, 626.50, 628.960022, 2023900
2015-09-03, 647.929993, 651.25, 633.809998, 637.049988, 1728600
2015-09-02, 638.00, 645.059998, 630.640015, 644.909973, 1881500
2015-09-01, 633.809998, 644.440002, 625.059998, 629.559998, 2572900
2015-08-31, 654.340027, 664.409973, 646.349976, 647.820007, 1946800
2015-08-28, 665.76001, 667.00, 653.75, 659.690002, 1941800
2015-08-27, 671.98999, 673.97998, 651.099976, 667.960022, 2948700
2015-08-26, 643.099976, 662.47998, 630.369995, 659.73999, 4387000
2015-08-25, 646.469971, 647.00, 611.669983, 612.469971, 3571500
2015-08-24, 600.599976, 627.679993, 593.090027, 618.109985, 6489400
2015-08-21, 671.039978, 672.890015, 643.099976, 644.030029, 4594000
2015-08-20, 689.099976, 696.159973, 675.280029, 679.47998, 2889900
2015-08-19, 690.109985, 700.200012, 686.799988, 694.039978, 2504000
2015-08-18, 691.070007, 695.76001, 685.320007, 688.72998, 1385500
2015-08-17, 688.039978, 694.73999, 683.059998, 694.109985, 1234000
2015-08-14, 684.039978, 692.26001, 682.900024, 689.369995, 1379900
2015-08-13, 689.200012, 694.030029, 682.179993, 686.51001, 1817700
2015-08-12, 694.48999, 696.00, 680.51001, 691.469971, 2924900
2015-08-11, 699.580017, 704.00, 684.320007, 690.299988, 5494000
2015-08-10, 667.090027, 671.619995, 660.22998, 663.140015, 1722900
2015-08-07, 667.780029, 668.799988, 658.869995, 664.390015, 1377200
2015-08-06, 673.98999, 674.75, 660.72998, 670.150024, 2033000
2015-08-05, 665.75, 679.909973, 665.580017, 673.289978, 1822400
2015-08-04, 664.340027, 668.00, 660.51001, 661.280029, 1309400
2015-08-03, 657.659973, 666.669983, 657.659973, 664.719971, 1567400
2015-07-31, 664.700012, 665.00, 657.200012, 657.50, 1746100
2015-07-30, 657.440002, 668.049988, 651.690002, 664.559998, 1980300
2015-07-29, 662.26001, 663.330017, 652.840027, 661.429993, 1837800
2015-07-28, 661.76001, 664.099976, 653.409973, 659.659973, 1718200
2015-07-27, 651.570007, 667.070007, 651.549988, 658.27002, 2919100
2015-07-24, 676.77002, 677.789978, 653.179993, 654.77002, 4131100
2015-07-23, 691.849976, 696.070007, 671.590027, 674.72998, 3811600
2015-07-22, 694.02002, 713.330017, 691.619995, 695.099976, 4155000
2015-07-21, 684.880005, 705.599976, 684.150024, 695.349976, 3780200
2015-07-20, 688.97998, 697.799988, 681.77002, 692.840027, 5121800
2015-07-17, 680.00, 703.00, 678.00, 699.619995, 12858100
2015-07-16, 589.50, 604.50, 587.919983, 601.780029, 5632100
2015-07-15, 583.73999, 588.690002, 580.210022, 583.960022, 2073300
2015-07-14, 574.50, 589.710022, 574.169983, 584.179993, 3741600
2015-07-13, 559.51001, 572.849976, 558.700012, 571.72998, 2089600
2015-07-10, 553.710022, 559.289978, 552.00, 556.109985, 2171800
2015-07-09, 548.650024, 548.880005, 544.619995, 544.650024, 1480000
2015-07-08, 545.599976, 548.280029, 541.200012, 541.700012, 1383100
2015-07-07, 547.429993, 551.00, 539.849976, 550.030029, 1678900
2015-07-06, 542.25, 548.580017, 542.099976, 545.619995, 1280700
2015-07-02, 544.73999, 548.00, 543.570007, 547.340027, 1406200
2015-07-01, 543.659973, 545.809998, 539.76001, 543.299988, 1538000
2015-06-30, 545.090027, 545.900024, 539.539978, 540.039978, 1725500
2015-06-29, 546.75, 550.900024, 540.23999, 541.25, 1887800
2015-06-26, 559.710022, 560.00, 551.849976, 553.059998, 2183800
2015-06-25, 560.299988, 563.140015, 557.460022, 557.950012, 1334200
2015-06-24, 562.47998, 562.640015, 556.809998, 558.570007, 1446200
2015-06-23, 559.789978, 564.900024, 557.150024, 563.390015, 1569800
2015-06-22, 559.409973, 565.609985, 558.909973, 559.679993, 1737600
2015-06-19, 556.52002, 557.909973, 552.26001, 557.52002, 2964500
2015-06-18, 548.00, 557.25, 548.00, 556.179993, 2059600
2015-06-17, 545.419983, 548.359985, 541.809998, 546.599976, 1222000
2015-06-16, 544.47998, 546.690002, 541.570007, 544.869995, 1626300
2015-06-15, 542.72998, 544.049988, 539.210022, 543.00, 1357500
2015-06-12, 547.150024, 548.849976, 545.630005, 547.469971, 1273400
2015-06-11, 554.48999, 554.830017, 549.169983, 550.039978, 1293600
2015-06-10, 545.700012, 554.780029, 545.109985, 552.599976, 1515800
2015-06-09, 543.419983, 544.840027, 538.849976, 542.159973, 1500800
2015-06-08, 549.609985, 549.869995, 542.950012, 543.47998, 1366800
2015-06-05, 552.00, 553.330017, 547.380005, 549.530029, 1219800
2015-06-04, 552.179993, 555.960022, 549.119995, 551.690002, 1343300
2015-06-03, 555.099976, 557.98999, 552.150024, 555.289978, 1330800
2015-06-02, 547.429993, 558.789978, 546.549988, 553.950012, 1592100
2015-06-01, 548.72998, 550.570007, 543.580017, 549.210022, 1660500
2015-05-29, 553.200012, 553.940002, 545.039978, 545.320007, 2172300
2015-05-28, 553.789978, 555.76001, 550.799988, 554.179993, 1177200
2015-05-27, 548.679993, 555.289978, 546.580017, 554.25, 1742200
2015-05-26, 552.580017, 553.330017, 542.969971, 547.190002, 1873700
2015-05-22, 554.460022, 558.23999, 553.619995, 554.52002, 1213300
2015-05-21, 550.200012, 557.609985, 549.299988, 556.809998, 1708500
2015-05-20, 550.919983, 556.070007, 545.099976, 552.51001, 1542000
2015-05-19, 548.00, 553.400024, 547.119995, 549.280029, 2356300
2015-05-18, 543.820007, 548.340027, 542.25, 546.669983, 1335300
2015-05-15, 550.390015, 550.599976, 542.50, 546.48999, 1672000
2015-05-14, 543.969971, 549.690002, 542.50, 549.200012, 1586800
2015-05-13, 540.469971, 543.840027, 538.97998, 539.48999, 1211900
2015-05-12, 542.809998, 542.960022, 535.00, 538.72998, 1764100
2015-05-11, 548.48999, 553.369995, 545.599976, 545.780029, 1092900
2015-05-08, 548.869995, 552.799988, 548.030029, 548.950012, 1411300
2015-05-07, 535.900024, 545.200012, 533.450012, 542.039978, 1592200
2015-05-06, 542.640015, 543.929993, 532.23999, 535.080017, 1951700
2015-05-05, 550.159973, 552.609985, 542.369995, 543.039978, 1426400
2015-05-04, 550.98999, 556.690002, 547.390015, 552.840027, 1763000
2015-05-01, 550.51001, 551.219971, 543.849976, 551.159973, 1828600
2015-04-30, 558.559998, 561.109985, 546.719971, 548.77002, 2362000
2015-04-29, 560.51001, 565.840027, 559.00, 561.390015, 1681100
2015-04-28, 564.320007, 567.830017, 560.960022, 564.369995, 1858900
2015-04-27, 572.77002, 575.52002, 562.299988, 566.119995, 2403100
2015-04-24, 580.049988, 584.700012, 568.349976, 573.659973, 4608400
2015-04-23, 550.409973, 561.169983, 550.080017, 557.460022, 3909200
2015-04-22, 543.059998, 551.00, 541.320007, 549.179993, 1590300
2015-04-21, 546.309998, 547.77002, 542.210022, 542.919983, 1456400
2015-04-20, 533.75, 545.799988, 533.349976, 544.530029, 1925400
2015-04-17, 537.309998, 539.799988, 529.00, 532.73999, 2461700
2015-04-16, 538.349976, 545.22998, 538.099976, 543.52002, 1586100
2015-04-15, 537.960022, 543.190002, 532.369995, 541.039978, 2348100
2015-04-14, 546.570007, 546.570007, 535.73999, 539.780029, 2360300
2015-04-13, 547.049988, 553.27002, 546.299988, 548.640015, 1466300
2015-04-10, 549.570007, 549.849976, 544.97998, 548.539978, 1305200
2015-04-09, 549.210022, 549.369995, 541.950012, 548.02002, 1618300
2015-04-08, 546.00, 551.50, 546.00, 548.840027, 1419300
2015-04-07, 544.98999, 550.159973, 543.590027, 544.859985, 1365900
2015-04-06, 538.840027, 545.539978, 535.700012, 543.950012, 1685900
2015-04-02, 547.409973, 548.00, 540.440002, 541.309998, 2388000
2015-04-01, 554.830017, 558.50, 546.030029, 549.48999, 1945100
2015-03-31, 557.940002, 562.450012, 554.669983, 554.700012, 1746600
2015-03-30, 560.25, 562.159973, 556.789978, 561.140015, 1239400
2015-03-27, 561.830017, 564.070007, 556.929993, 557.549988, 1727600
2015-03-26, 564.650024, 567.190002, 558.309998, 563.640015, 2492100
2015-03-25, 577.570007, 580.070007, 567.00, 567.00, 2653500
2015-03-24, 568.539978, 581.880005, 568.090027, 577.539978, 3957800
2015-03-23, 566.00, 569.640015, 563.059998, 565.369995, 1511700
2015-03-20, 566.710022, 567.099976, 564.47998, 564.950012, 2216000
2015-03-19, 564.52002, 566.960022, 562.119995, 563.669983, 1233000
2015-03-18, 557.72998, 566.51001, 553.50, 566.159973, 1766200
2015-03-17, 558.289978, 560.640015, 554.409973, 557.609985, 1444600
2015-03-16, 556.929993, 563.75, 551.320007, 561.640015, 1842800
2015-03-13, 559.22998, 564.359985, 550.330017, 553.00, 1771400
2015-03-12, 558.47998, 561.840027, 555.530029, 561.169983, 1780100
2015-03-11, 559.799988, 564.179993, 555.409973, 555.690002, 2026200
2015-03-10, 568.47998, 569.76001, 559.820007, 559.849976, 2004000
2015-03-09, 570.919983, 575.450012, 569.049988, 574.099976, 1173900
2015-03-06, 582.00, 582.780029, 572.059998, 572.900024, 1879600
2015-03-05, 579.619995, 583.200012, 578.22998, 581.429993, 1795900
2015-03-04, 576.969971, 581.630005, 572.52002, 578.330017, 1898200
2015-03-03, 576.349976, 580.849976, 570.50, 578.789978, 2526300
2015-03-02, 567.00, 575.98999, 563.150024, 575.02002, 2520300
2015-02-27, 558.150024, 569.419983, 557.030029, 562.630005, 3416400
2015-02-26, 545.73999, 560.130005, 545.090027, 559.289978, 2701600
2015-02-25, 538.440002, 549.570007, 538.01001, 547.330017, 2041800
2015-02-24, 531.549988, 539.400024, 531.00, 538.650024, 1420300
2015-02-23, 539.00, 539.299988, 532.00, 535.00, 1645300
2015-02-20, 547.580017, 547.580017, 538.099976, 541.799988, 1911700
2015-02-19, 542.469971, 546.859985, 540.75, 546.450012, 1541700
2015-02-18, 543.820007, 547.549988, 539.549988, 542.650024, 1558200
2015-02-17, 551.159973, 553.00, 543.26001, 545.01001, 1958700
2015-02-13, 547.51001, 552.539978, 546.599976, 551.159973, 2369100
2015-02-12, 539.659973, 548.340027, 537.00, 546.01001, 2429500
2015-02-11, 539.72998, 541.950012, 536.00, 538.00, 1915300
2015-02-10, 532.150024, 541.00, 529.169983, 540.159973, 2371500
2015-02-09, 531.059998, 533.880005, 527.549988, 529.280029, 1515700
2015-02-06, 531.01001, 540.219971, 528.650024, 533.880005, 2146900
2015-02-05, 527.929993, 530.690002, 525.640015, 529.830017, 1658800
2015-02-04, 533.140015, 536.75, 525.030029, 526.099976, 1694800
2015-02-03, 529.940002, 537.450012, 526.809998, 533.299988, 2353100
2015-02-02, 534.320007, 536.50, 521.719971, 532.200012, 3768900
2015-01-30, 519.00, 543.099976, 518.179993, 537.549988, 6055400
2015-01-29, 512.900024, 515.190002, 503.480011, 513.22998, 3950900
2015-01-28, 525.00, 525.690002, 512.349976, 512.429993, 1791100
2015-01-27, 531.400024, 532.780029, 520.859985, 521.190002, 1957400
2015-01-26, 541.50, 541.50, 532.070007, 536.719971, 1546600
2015-01-23, 538.030029, 545.409973, 535.75, 541.950012, 2298300
2015-01-22, 523.00, 538.840027, 521.909973, 537.299988, 2803400
2015-01-21, 510.839996, 521.849976, 509.589996, 520.390015, 2317800
2015-01-20, 512.77002, 515.609985, 509.369995, 509.940002, 2339800
2015-01-16, 503.149994, 510.850006, 503.089996, 510.459991, 2482900
2015-01-15, 508.890015, 509.75, 502.01001, 504.01001, 2553400
2015-01-14, 500.420013, 508.26001, 498.160004, 505.929993, 2566700
2015-01-13, 502.570007, 508.600006, 497.26001, 501.799988, 3047900
2015-01-12, 499.23999, 500.279999, 490.910004, 497.059998, 2856900
2015-01-09, 508.179993, 508.600006, 498.649994, 500.720001, 2100000
2015-01-08, 501.51001, 507.50, 495.019989, 506.910004, 3652700
2015-01-07, 510.950012, 511.48999, 503.649994, 505.149994, 2345900
2015-01-06, 520.50, 521.210022, 505.549988, 506.640015, 2722800
2015-01-05, 527.150024, 527.98999, 517.75, 519.460022, 2059100
2015-01-02, 532.599976, 535.799988, 527.880005, 529.549988, 1324000
2014-12-31, 537.73999, 538.400024, 530.200012, 530.659973, 1232400
2014-12-30, 534.960022, 537.840027, 533.609985, 535.280029, 1048600
2014-12-29, 540.50, 543.929993, 537.159973, 537.309998, 2215000
2014-12-26, 536.929993, 543.25, 535.48999, 541.52002, 1113500
2014-12-24, 538.820007, 540.289978, 535.099976, 536.929993, 737700
2014-12-23, 534.51001, 542.299988, 533.719971, 538.77002, 2877200
2014-12-22, 520.609985, 532.969971, 520.590027, 532.299988, 3319500
2014-12-19, 516.98999, 520.809998, 508.859985, 520.039978, 4872100
2014-12-18, 515.98999, 516.25, 506.559998, 514.619995, 3876700
2014-12-17, 499.859985, 509.070007, 499.109985, 506.450012, 3639400
2014-12-16, 513.599976, 515.580017, 497.190002, 498.160004, 4349900
2014-12-15, 523.76001, 525.369995, 515.400024, 515.840027, 2617600
2014-12-12, 527.440002, 532.23999, 521.460022, 521.51001, 2365700
2014-12-11, 530.01001, 537.039978, 529.159973, 532.109985, 2071300
2014-12-10, 535.900024, 539.359985, 527.48999, 528.039978, 2311100
2014-12-09, 525.880005, 536.650024, 523.409973, 536.109985, 2166100
2014-12-08, 529.219971, 533.820007, 527.00, 530.72998, 3228300
2014-12-05, 536.700012, 538.200012, 527.26001, 528.080017, 3070100
2014-12-04, 537.640015, 542.690002, 534.890015, 542.580017, 1629900
2014-12-03, 537.50, 541.409973, 535.210022, 536.969971, 1623800
2014-12-02, 539.450012, 541.849976, 534.659973, 538.590027, 2074000
2014-12-01, 545.090027, 548.789978, 538.619995, 539.650024, 1994400
2014-11-28, 547.00, 549.599976, 544.47998, 549.080017, 1210100
2014-11-26, 549.22998, 549.880005, 545.22998, 547.72998, 1480200
2014-11-25, 547.210022, 552.50, 546.909973, 549.22998, 1903600
2014-11-24, 546.570007, 551.190002, 544.150024, 547.47998, 1653800
2014-11-21, 551.039978, 551.039978, 545.00, 545.890015, 2506000
2014-11-20, 542.090027, 545.380005, 541.50, 543.76001, 1750800
2014-11-19, 544.75, 548.219971, 539.190002, 547.200012, 1517300
2014-11-18, 547.929993, 552.789978, 543.799988, 544.51001, 1822000
2014-11-17, 555.190002, 555.190002, 544.440002, 546.640015, 1680600
2014-11-14, 558.00, 558.00, 552.51001, 555.190002, 1425100
2014-11-13, 560.809998, 560.820007, 554.090027, 556.440002, 1511000
2014-11-12, 561.150024, 561.25, 555.50, 558.25, 1094100
2014-11-11, 558.52002, 562.50, 556.23999, 561.289978, 1098300
2014-11-10, 552.400024, 560.630005, 551.619995, 558.22998, 1304500
2014-11-07, 555.599976, 555.599976, 549.349976, 551.820007, 1589100
2014-11-06, 555.50, 556.799988, 550.580017, 551.690002, 1650700
2014-11-05, 566.789978, 566.900024, 554.150024, 555.950012, 1645300
2014-11-04, 561.159973, 564.789978, 558.299988, 564.190002, 1386300
2014-11-03, 563.530029, 567.150024, 561.630005, 563.77002, 1541700
2014-10-31, 568.299988, 568.72998, 564.809998, 567.869995, 2340500
2014-10-30, 558.25, 562.50, 552.130005, 560.27002, 1612500
2014-10-29, 560.849976, 564.969971, 555.97998, 558.450012, 2053300
2014-10-28, 551.710022, 559.200012, 550.429993, 558.940002, 1738700
2014-10-27, 547.76001, 554.00, 547.200012, 549.880005, 1596700
2014-10-24, 554.97998, 555.00, 545.159973, 548.900024, 2175400
2014-10-23, 548.280029, 557.400024, 545.50, 553.650024, 2151300
2014-10-22, 541.049988, 550.76001, 540.22998, 542.690002, 2973700
2014-10-21, 537.27002, 538.77002, 530.200012, 538.030029, 2459500
2014-10-20, 520.450012, 533.159973, 519.140015, 532.380005, 2748200
2014-10-17, 540.450012, 543.450012, 518.409973, 522.969971, 5996500
2014-10-16, 527.00, 540.98999, 524.950012, 536.919983, 3805000
2014-10-15, 542.080017, 543.919983, 528.419983, 540.72998, 3836000
2014-10-14, 550.140015, 558.630005, 544.50, 548.690002, 2609900
2014-10-13, 555.130005, 560.880005, 544.429993, 544.75, 2755800
2014-10-10, 567.469971, 575.22998, 555.01001, 555.190002, 2978700
2014-10-09, 581.609985, 582.530029, 569.030029, 570.809998, 2411700
2014-10-08, 574.789978, 584.690002, 567.640015, 583.73999, 2207900
2014-10-07, 584.900024, 585.849976, 574.099976, 574.099976, 1545700
2014-10-06, 589.950012, 592.400024, 585.400024, 587.780029, 1286100
2014-10-03, 584.099976, 588.289978, 583.50, 586.25, 1214500
2014-10-02, 578.00, 583.23999, 574.049988, 580.880005, 1536300
2014-10-01, 586.799988, 588.719971, 578.02002, 579.630005, 1447700
2014-09-30, 587.48999, 591.00, 584.50, 588.409973, 1571500
2014-09-29, 581.830017, 589.309998, 581.570007, 587.809998, 1143700
2014-09-26, 585.929993, 589.570007, 585.00, 587.900024, 1289100
2014-09-25, 596.98999, 598.070007, 584.73999, 585.25, 1671000
2014-09-24, 591.570007, 600.109985, 590.299988, 598.419983, 1758000
2014-09-23, 595.00, 596.650024, 590.23999, 591.179993, 1403700
2014-09-22, 602.50, 603.799988, 593.119995, 597.27002, 1782200
2014-09-19, 599.48999, 605.400024, 597.76001, 605.400024, 4191600
2014-09-18, 595.049988, 597.559998, 593.02002, 597.27002, 1494500
2014-09-17, 589.51001, 596.070007, 587.119995, 593.289978, 1719500
2014-09-16, 580.950012, 590.150024, 580.950012, 588.780029, 1579600
2014-09-15, 582.23999, 583.919983, 577.01001, 581.640015, 1545400
2014-09-12, 590.390015, 591.47998, 583.280029, 584.900024, 1851500
2014-09-11, 590.00, 591.950012, 586.039978, 591.109985, 1501400
2014-09-10, 591.73999, 593.719971, 587.140015, 593.419983, 1160100
2014-09-09, 600.27002, 600.599976, 590.47998, 591.969971, 1571200
2014-09-08, 599.140015, 603.52002, 598.02002, 601.630005, 1599200
2014-09-05, 595.130005, 598.50, 593.549988, 597.780029, 1799100
2014-09-04, 592.130005, 598.00, 590.599976, 593.140015, 1630800
2014-09-03, 591.72998, 594.48999, 586.50, 589.52002, 1579000
2014-09-02, 582.950012, 589.299988, 582.400024, 588.630005, 1583000
2014-08-29, 582.349976, 582.900024, 578.23999, 582.359985, 1206100
2014-08-28, 580.02002, 584.710022, 577.880005, 580.320007, 1405800
2014-08-27, 587.809998, 589.369995, 580.900024, 583.00, 1364600
2014-08-26, 592.00, 592.049988, 587.450012, 588.119995, 1471700
2014-08-25, 594.77002, 595.580017, 589.26001, 590.570007, 1295600
2014-08-22, 593.27002, 594.98999, 589.799988, 592.539978, 877200
2014-08-21, 594.900024, 595.25, 591.099976, 592.419983, 1132000
2014-08-20, 596.950012, 596.98999, 593.00, 595.409973, 967300
2014-08-19, 595.590027, 597.809998, 594.440002, 597.109985, 1043200
2014-08-18, 587.099976, 595.049988, 586.549988, 592.700012, 1466000
2014-08-15, 587.50, 589.469971, 580.76001, 583.710022, 1723400
2014-08-14, 586.690002, 587.799988, 580.919983, 584.650024, 1272900
2014-08-13, 576.450012, 586.130005, 575.200012, 584.559998, 1899400
2014-08-12, 575.00, 575.900024, 569.909973, 572.119995, 1394500
2014-08-11, 579.00, 579.690002, 575.299988, 577.25, 1203400
2014-08-08, 572.02002, 579.559998, 569.02002, 577.940002, 1493300
2014-08-07, 576.049988, 578.309998, 569.429993, 571.809998, 1163000
2014-08-06, 569.50, 578.640015, 567.450012, 574.48999, 1322800
2014-08-05, 579.380005, 580.200012, 570.309998, 573.140015, 1643800
2014-08-04, 576.51001, 583.820007, 572.26001, 582.27002, 1519400
2014-08-01, 578.549988, 583.429993, 570.299988, 573.599976, 2213300
2014-07-31, 588.960022, 591.98999, 577.679993, 579.549988, 2309500
2014-07-30, 595.809998, 598.450012, 592.700012, 595.440002, 1215100
2014-07-29, 597.700012, 598.48999, 592.169983, 593.950012, 1366600
2014-07-28, 597.75, 601.099976, 592.590027, 599.02002, 1358100
2014-07-25, 599.25, 601.00, 595.75, 598.080017, 1360000
2014-07-24, 605.530029, 608.909973, 601.00, 603.01001, 1355000
2014-07-23, 602.049988, 607.049988, 601.349976, 605.190002, 1106000
2014-07-22, 599.700012, 608.890015, 599.26001, 603.570007, 1881600
2014-07-21, 601.349976, 604.159973, 594.450012, 598.440002, 2237900
2014-07-18, 603.01001, 606.700012, 590.919983, 605.109985, 4871600
2014-07-17, 588.969971, 589.50, 576.849976, 580.820007, 2935300
2014-07-16, 596.890015, 597.00, 590.25, 590.619995, 1440800
2014-07-15, 595.150024, 595.299988, 585.309998, 593.059998, 1673800
2014-07-14, 590.599976, 594.859985, 586.690002, 594.26001, 1951600
2014-07-11, 581.00, 588.22998, 580.580017, 586.650024, 1511600
2014-07-10, 573.00, 585.25, 572.099976, 580.039978, 1436200
2014-07-09, 578.950012, 584.099976, 577.00, 583.359985, 1372800
2014-07-08, 586.369995, 587.969971, 574.00, 578.400024, 2125200
2014-07-07, 593.51001, 595.650024, 587.940002, 590.76001, 1336700
2014-07-03, 591.700012, 594.25, 589.00, 593.080017, 898900
2014-07-02, 592.26001, 594.150024, 589.109985, 590.780029, 1195800
2014-07-01, 587.650024, 593.659973, 586.289978, 591.48999, 1643200
2014-06-30, 586.76001, 587.710022, 583.289978, 584.669983, 1478900
2014-06-27, 585.450012, 587.880005, 582.619995, 585.690002, 2021300
2014-06-26, 589.299988, 589.599976, 579.599976, 584.77002, 2012400
2014-06-25, 573.549988, 587.299988, 573.26001, 585.929993, 2114700
2014-06-24, 574.219971, 582.25, 569.159973, 572.539978, 2844300
2014-06-23, 564.349976, 574.440002, 563.50, 574.289978, 1722800
2014-06-20, 566.450012, 566.77002, 559.369995, 566.52002, 3160600
2014-06-19, 561.150024, 565.00, 556.669983, 564.98999, 2627400
2014-06-18, 552.799988, 561.400024, 551.580017, 560.659973, 2060600
2014-06-17, 552.359985, 553.73999, 547.469971, 550.619995, 1477600
2014-06-16, 557.25, 557.98999, 550.00, 552.299988, 1971800
2014-06-13, 560.080017, 560.650024, 553.719971, 560.349976, 1353300
2014-06-12, 567.00, 567.00, 557.150024, 559.50, 1546500
2014-06-11, 565.919983, 568.969971, 563.679993, 567.50, 1129000
2014-06-10, 568.780029, 572.00, 566.130005, 568.299988, 1483800
2014-06-09, 566.75, 572.00, 565.219971, 570.72998, 1529700
2014-06-06, 568.159973, 568.799988, 559.580017, 566.030029, 1740200
2014-06-05, 557.109985, 565.00, 555.049988, 564.929993, 1793400
2014-06-04, 551.52002, 558.580017, 548.559998, 553.76001, 1729100
2014-06-03, 560.900024, 562.400024, 552.530029, 554.51001, 2031300
2014-06-02, 569.75, 570.409973, 556.700012, 564.340027, 1660500
2014-05-30, 571.640015, 572.580017, 565.789978, 571.650024, 1871700
2014-05-29, 573.390015, 573.47998, 568.450012, 570.559998, 1411100
2014-05-28, 574.570007, 577.659973, 569.950012, 570.450012, 1581600
2014-05-27, 567.780029, 574.869995, 564.150024, 574.869995, 2185800
2014-05-23, 558.130005, 565.00, 554.169983, 563.799988, 2672500
2014-05-22, 552.200012, 557.960022, 551.00, 555.450012, 2149700
2014-05-21, 542.900024, 549.75, 542.109985, 549.700012, 1564700
2014-05-20, 540.00, 546.349976, 536.570007, 540.390015, 2425300
2014-05-19, 528.880005, 539.349976, 525.659973, 538.830017, 1976500
2014-05-16, 529.599976, 530.840027, 523.570007, 528.299988, 1907700
2014-05-15, 533.140015, 534.00, 525.309998, 529.119995, 1832900
2014-05-14, 541.820007, 541.820007, 533.109985, 534.409973, 1280900
2014-05-13, 539.580017, 543.98999, 537.900024, 541.539978, 2012000
2014-05-12, 531.840027, 538.75, 527.51001, 538.429993, 1948400
2014-05-09, 518.650024, 527.349976, 514.280029, 526.619995, 2261200
2014-05-08, 515.719971, 527.349976, 514.460022, 520.169983, 2452000
2014-05-07, 523.25, 524.429993, 511.089996, 518.00, 3074300
2014-05-06, 533.409973, 534.549988, 522.26001, 522.570007, 1835000
2014-05-05, 530.23999, 535.719971, 527.580017, 535.330017, 1228400
2014-05-02, 541.440002, 542.400024, 533.27002, 533.869995, 1780800
2014-05-01, 534.25, 539.909973, 532.859985, 538.530029, 2004300
2014-04-30, 535.119995, 536.340027, 529.090027, 534.880005, 2038500
2014-04-29, 523.890015, 537.76001, 523.00, 536.330017, 2535200
2014-04-28, 525.799988, 525.900024, 511.00, 522.97998, 3752800
2014-04-25, 532.26001, 533.859985, 522.50, 523.099976, 2370000
2014-04-24, 541.690002, 542.50, 531.00, 534.440002, 2067400
2014-04-23, 543.669983, 544.799988, 528.130005, 537.51001, 1955700
2014-04-22, 536.00, 548.00, 536.00, 545.50, 2331100
2014-04-21, 544.00, 544.00, 534.00, 539.369995, 2425100
2014-04-17, 556.320007, 557.00, 539.400024, 543.340027, 5614700
2014-04-16, 557.700012, 564.00, 553.099976, 563.900024, 4582200
2014-04-15, 551.00, 552.890015, 530.640015, 548.700012, 3997800
2014-04-14, 543.659973, 553.02002, 540.52002, 545.200012, 2541200
2014-04-11, 537.940002, 547.590027, 533.400024, 537.76001, 3174700
2014-04-10, 568.00, 568.210022, 545.50, 546.690002, 3294500
2014-04-09, 565.840027, 567.799988, 555.380005, 567.039978, 3031600
2014-04-08, 545.049988, 559.880005, 544.700012, 557.51001, 3482500
2014-04-07, 544.789978, 549.849976, 530.530029, 540.630005, 3961600
2014-04-04, 578.549988, 579.719971, 544.48999, 545.25, 5363700
2014-04-03, 573.390015, 588.299988, 566.01001, 571.50, 4018300
2014-04-02, 1141.900062, 1144.799992, 1124.000011, 1135.099984, 4168000
2014-04-01, 1120.269981, 1137.500048, 1118.000036, 1134.88999, 4357600
2014-03-31, 1130.399977, 1134.999987, 1112.85004, 1114.509999, 3880700
2014-03-28, 1119.000011, 1133.190031, 1117.770042, 1120.149983, 4513200
2014-03-27, 1130.849966, 1131.940062, 1102.100058, 1114.280005, 7636700
2014-03-26, 1162.01006, 1171.57007, 1131.500072, 1131.970061, 5154800
2014-03-25, 1165.999962, 1169.83999, 1147.00006, 1158.720018, 4815500
2014-03-24, 1184.190006, 1184.899989, 1145.949964, 1157.930037, 6068100
2014-03-21, 1206.310076, 1209.629995, 1182.450049, 1183.040034, 6410500
2014-03-20, 1199.949987, 1209.609996, 1195.359977, 1197.160055, 3366000
2014-03-19, 1211.800064, 1211.990059, 1194.410001, 1199.250004, 3222500
2014-03-18, 1194.669994, 1211.530071, 1193.060034, 1211.259955, 3626300
2014-03-17, 1179.250005, 1197.070058, 1178.110033, 1192.100057, 4319800
2014-03-14, 1181.99006, 1190.869965, 1172.530047, 1172.80004, 4583200
2014-03-13, 1207.950036, 1210.499974, 1184.759992, 1189.060009, 4686500
2014-03-12, 1196.400074, 1207.850039, 1184.190006, 1207.300052, 3924600
2014-03-11, 1213.770016, 1214.320003, 1196.640068, 1199.989986, 3422500
2014-03-10, 1215.689969, 1217.640044, 1204.090008, 1211.57007, 2426700
2014-03-07, 1226.800064, 1226.990059, 1211.440073, 1214.789991, 3027100
2014-03-06, 1222.280052, 1226.149958, 1218.60002, 1219.609995, 2533600
2014-03-05, 1215.049985, 1223.080033, 1211.410074, 1218.260028, 2468100
2014-03-04, 1214.999986, 1215.999962, 1209.499998, 1214.909988, 2932400
2014-03-03, 1206.750065, 1207.840039, 1192.140056, 1202.690042, 4205300
2014-02-28, 1220.339978, 1224.190006, 1206.219956, 1215.64997, 4622500
2014-02-27, 1218.390025, 1224.230005, 1217.010059, 1219.210005, 2517400
2014-02-26, 1224.00001, 1228.880013, 1213.760016, 1220.169982, 3960400
2014-02-25, 1215.939963, 1224.499998, 1210.419976, 1219.999986, 2874500
2014-02-24, 1205.359977, 1220.159982, 1205.099984, 1212.510047, 3345200
2014-02-21, 1207.810039, 1209.869989, 1202.840039, 1203.790016, 3720800
2014-02-20, 1203.140031, 1206.890062, 1200.219981, 1204.110008, 3398100
2014-02-19, 1205.299979, 1209.220005, 1197.500047, 1202.340051, 4202900
2014-02-18, 1201.410074, 1212.870038, 1199.999986, 1210.879965, 4213500
2014-02-14, 1195.609971, 1204.390001, 1192.80004, 1202.80004, 4369000
2014-02-13, 1180.749968, 1199.899989, 1179.659995, 1199.899989, 3669100
2014-02-12, 1189.000011, 1189.999986, 1181.380075, 1186.690067, 3445500
2014-02-11, 1180.169982, 1191.870063, 1172.210055, 1190.179982, 4097400
2014-02-10, 1171.800065, 1182.40005, 1169.02001, 1172.930037, 3886500
2014-02-07, 1167.630044, 1177.900038, 1160.559973, 1177.440049, 5267100
2014-02-06, 1151.129959, 1160.159983, 1147.550047, 1159.959988, 3889300
2014-02-05, 1143.380026, 1150.769968, 1128.020035, 1143.200031, 4784200
2014-02-04, 1137.990036, 1154.999987, 1137.01006, 1138.160032, 5618100
2014-02-03, 1179.200006, 1181.720066, 1132.01006, 1133.430025, 9129000
2014-01-31, 1171.350076, 1186.540071, 1151.129959, 1180.969963, 11121400
2014-01-30, 1144.999987, 1152.490048, 1127.250054, 1135.389977, 10172600
2014-01-29, 1119.120009, 1121.750066, 1099.420001, 1106.920062, 4755000
2014-01-28, 1110.319979, 1125.749969, 1109.939989, 1123.010036, 4415900
2014-01-27, 1126.09996, 1126.500072, 1082.270054, 1101.229957, 8698400
2014-01-24, 1151.009962, 1153.550022, 1123.000036, 1123.830016, 7777200
2014-01-23, 1159.999987, 1162.490048, 1154.370002, 1160.099984, 3894300
2014-01-22, 1166.610069, 1167.890038, 1158.860014, 1165.019986, 3139600
2014-01-21, 1160.929964, 1164.000011, 1151.299955, 1163.700018, 3955800
2014-01-17, 1156.850063, 1160.629971, 1144.200006, 1150.529974, 5397100
2014-01-16, 1149.100009, 1157.930037, 1148.000036, 1156.219957, 3364400
2014-01-15, 1152.990036, 1154.999987, 1143.790016, 1148.62002, 3896400
2014-01-14, 1137.950037, 1150.999962, 1128.090034, 1149.400001, 4960200
2014-01-13, 1126.470073, 1146.910062, 1117.170056, 1122.980036, 4832900
2014-01-10, 1139.080009, 1139.080009, 1122.250054, 1130.179983, 4282700
2014-01-09, 1143.440025, 1144.220006, 1125.559973, 1130.239981, 4164800
2014-01-08, 1145.999962, 1147.320052, 1133.290029, 1141.229957, 4480500
2014-01-07, 1124.999987, 1139.689994, 1121.159959, 1138.860015, 5100000
2014-01-06, 1113.010036, 1118.860015, 1106.440074, 1117.320052, 3535000
2014-01-03, 1114.999987, 1116.930062, 1104.929989, 1104.999987, 3330000
2014-01-02, 1115.459976, 1117.750042, 1108.26003, 1113.120033, 3639100
